data/kroA200.tsp;0;local_search_steepest;38833.77309287833;7.460997104644775
data/kroA200.tsp;1;local_search_steepest;40211.34648684809;7.830951929092407
data/kroA200.tsp;2;local_search_steepest;39820.38205331069;7.864759206771851
data/kroA200.tsp;3;local_search_steepest;39198.94869077508;7.507124900817871
data/kroA200.tsp;4;local_search_steepest;38220.966493128464;7.70300030708313
data/kroA200.tsp;5;local_search_steepest;36882.00416563285;7.689000844955444
data/kroA200.tsp;6;local_search_steepest;39649.86049301004;7.75199818611145
data/kroA200.tsp;7;local_search_steepest;37268.77492980963;8.309000492095947
data/kroA200.tsp;8;local_search_steepest;38273.02121547837;8.034003496170044
data/kroA200.tsp;9;local_search_steepest;39398.06595059154;7.953999996185303
data/kroB200.tsp;0;local_search_steepest;38806.14518503741;8.245000123977661
data/kroB200.tsp;1;local_search_steepest;38407.25707854284;7.599999666213989
data/kroB200.tsp;2;local_search_steepest;37919.15106514683;7.862999200820923
data/kroB200.tsp;3;local_search_steepest;35537.93887667882;7.592999458312988
data/kroB200.tsp;4;local_search_steepest;39345.48032550947;7.5260009765625
data/kroB200.tsp;5;local_search_steepest;36818.24782907041;7.840000629425049
data/kroB200.tsp;6;local_search_steepest;39083.16127341644;7.5020012855529785
data/kroB200.tsp;7;local_search_steepest;37619.665245418655;8.556999921798706
data/kroB200.tsp;8;local_search_steepest;39051.72989035171;7.42000150680542
data/kroB200.tsp;9;local_search_steepest;38491.325333042565;7.989001035690308
data/kroA200.tsp;0;candidate_moves_algorithm;46502.89513683447;4.166998863220215
data/kroA200.tsp;1;candidate_moves_algorithm;45878.059515164496;4.313998222351074
data/kroA200.tsp;2;candidate_moves_algorithm;45134.33961144046;4.307000160217285
data/kroA200.tsp;3;candidate_moves_algorithm;47454.966181381;4.2699995040893555
data/kroA200.tsp;4;candidate_moves_algorithm;45275.829602933554;4.565000057220459
data/kroA200.tsp;5;candidate_moves_algorithm;46141.006697349745;4.211000919342041
data/kroA200.tsp;6;candidate_moves_algorithm;47121.22996088001;4.4120032787323
data/kroA200.tsp;7;candidate_moves_algorithm;49266.43007699022;4.088998794555664
data/kroA200.tsp;8;candidate_moves_algorithm;47707.42692730983;4.4260008335113525
data/kroA200.tsp;9;candidate_moves_algorithm;46753.2647207801;4.300000190734863
data/kroB200.tsp;0;candidate_moves_algorithm;44496.226610103025;4.115999698638916
data/kroB200.tsp;1;candidate_moves_algorithm;46447.75482786067;4.248001575469971
data/kroB200.tsp;2;candidate_moves_algorithm;47833.63533015712;4.626000165939331
data/kroB200.tsp;3;candidate_moves_algorithm;46501.620250817024;4.15600061416626
data/kroB200.tsp;4;candidate_moves_algorithm;44677.56651681913;4.393002033233643
data/kroB200.tsp;5;candidate_moves_algorithm;46847.275494508285;3.970000743865967
data/kroB200.tsp;6;candidate_moves_algorithm;45801.24471218159;4.426001310348511
data/kroB200.tsp;7;candidate_moves_algorithm;46624.282900687846;4.279999017715454
data/kroB200.tsp;8;candidate_moves_algorithm;44987.679406048;4.106223106384277
data/kroB200.tsp;9;candidate_moves_algorithm;46100.77398362887;4.109001398086548
data/kroA200.tsp;0;cache_moves_algorithm;51711.11096686045;1.3149993419647217
data/kroA200.tsp;1;cache_moves_algorithm;50518.97743649045;1.5379993915557861
data/kroA200.tsp;2;cache_moves_algorithm;48551.4906954203;1.7510008811950684
data/kroA200.tsp;3;cache_moves_algorithm;49193.871090686356;1.349998950958252
data/kroA200.tsp;4;cache_moves_algorithm;54137.68847903924;1.36899995803833
data/kroA200.tsp;5;cache_moves_algorithm;50918.94513347393;1.3500006198883057
data/kroA200.tsp;6;cache_moves_algorithm;51878.43923134121;1.1609997749328613
data/kroA200.tsp;7;cache_moves_algorithm;49949.94212656415;1.3980004787445068
data/kroA200.tsp;8;cache_moves_algorithm;53810.47292871333;1.0320003032684326
data/kroA200.tsp;9;cache_moves_algorithm;50003.942425719186;1.485999345779419
data/kroB200.tsp;0;cache_moves_algorithm;51758.45929538807;1.209996223449707
data/kroB200.tsp;1;cache_moves_algorithm;50249.931931516345;1.5030004978179932
data/kroB200.tsp;2;cache_moves_algorithm;54766.216243991636;1.3610002994537354
data/kroB200.tsp;3;cache_moves_algorithm;50002.263427557176;1.5649995803833008
data/kroB200.tsp;4;cache_moves_algorithm;51285.553624470114;1.2670001983642578
data/kroB200.tsp;5;cache_moves_algorithm;48795.9051509171;1.4520001411437988
data/kroB200.tsp;6;cache_moves_algorithm;50481.55865307071;1.2840015888214111
data/kroB200.tsp;7;cache_moves_algorithm;50910.50330711364;1.1419990062713623
data/kroB200.tsp;8;cache_moves_algorithm;50999.17849686486;1.2880003452301025
data/kroB200.tsp;9;cache_moves_algorithm;50191.659779096066;1.332000494003296
data/kroA200.tsp;0;local_search_steepest;37164.42645597708;8.258074522018433
data/kroA200.tsp;1;local_search_steepest;37176.79486064022;7.567000865936279
data/kroA200.tsp;2;local_search_steepest;39128.566149680046;7.666999340057373
data/kroA200.tsp;3;local_search_steepest;38610.37819121529;8.003999710083008
data/kroA200.tsp;4;local_search_steepest;37178.6179140964;8.246999740600586
data/kroA200.tsp;5;local_search_steepest;37262.95730045529;8.525001049041748
data/kroA200.tsp;6;local_search_steepest;39331.17987304144;8.371999740600586
data/kroA200.tsp;7;local_search_steepest;40385.96834890409;7.923000335693359
data/kroA200.tsp;8;local_search_steepest;40191.04777063751;8.347001075744629
data/kroA200.tsp;9;local_search_steepest;39062.21491362923;7.970999002456665
data/kroA200.tsp;10;local_search_steepest;38332.143664140734;7.836000680923462
data/kroA200.tsp;11;local_search_steepest;38511.009666739104;8.387000322341919
data/kroA200.tsp;12;local_search_steepest;37825.82796650046;8.840998411178589
data/kroA200.tsp;13;local_search_steepest;37002.071065682096;8.291999101638794
data/kroA200.tsp;14;local_search_steepest;37147.01337587207;8.409000873565674
data/kroA200.tsp;15;local_search_steepest;39252.16426496997;8.515000343322754
data/kroA200.tsp;16;local_search_steepest;38401.077441139176;7.9110002517700195
data/kroA200.tsp;17;local_search_steepest;40698.70164062713;7.812700271606445
data/kroA200.tsp;18;local_search_steepest;37875.54218666071;7.729007005691528
data/kroA200.tsp;19;local_search_steepest;38191.77992468067;8.707998514175415
data/kroA200.tsp;20;local_search_steepest;37856.164126897;8.218001127243042
data/kroA200.tsp;21;local_search_steepest;36988.323160336746;8.045000553131104
data/kroA200.tsp;22;local_search_steepest;36005.83923925466;7.9420006275177
data/kroA200.tsp;23;local_search_steepest;38079.64765966465;8.445695877075195
data/kroA200.tsp;24;local_search_steepest;39352.82391564212;8.1940016746521
data/kroA200.tsp;25;local_search_steepest;40162.480744340995;8.493000268936157
data/kroA200.tsp;26;local_search_steepest;39444.34662730477;8.46600079536438
data/kroA200.tsp;27;local_search_steepest;40670.46284377487;8.147547006607056
data/kroA200.tsp;28;local_search_steepest;37606.37228729958;8.620533227920532
data/kroA200.tsp;29;local_search_steepest;36976.14386813319;8.625622510910034
data/kroA200.tsp;30;local_search_steepest;40066.292883467395;8.211001873016357
data/kroA200.tsp;31;local_search_steepest;39352.995210010165;8.891997575759888
data/kroA200.tsp;32;local_search_steepest;38336.42535837578;9.078999757766724
data/kroA200.tsp;33;local_search_steepest;38550.39056773279;8.566999912261963
data/kroA200.tsp;34;local_search_steepest;39039.53237888074;8.969999551773071
data/kroA200.tsp;35;local_search_steepest;39615.58282840731;8.185999870300293
data/kroA200.tsp;36;local_search_steepest;38101.03323189952;8.340000629425049
data/kroA200.tsp;37;local_search_steepest;39378.87253378992;9.544003248214722
data/kroA200.tsp;38;local_search_steepest;36255.94501714755;8.16724443435669
data/kroA200.tsp;39;local_search_steepest;38147.36392283396;7.824504613876343
data/kroA200.tsp;40;local_search_steepest;38152.325854029295;8.421010732650757
data/kroA200.tsp;41;local_search_steepest;38055.609740493164;8.653010129928589
data/kroA200.tsp;42;local_search_steepest;38377.27388735602;8.217999935150146
data/kroA200.tsp;43;local_search_steepest;38923.21180795969;8.005000352859497
data/kroA200.tsp;44;local_search_steepest;38274.12610023202;8.774001598358154
data/kroA200.tsp;45;local_search_steepest;38251.57443678398;8.815997838973999
data/kroA200.tsp;46;local_search_steepest;38899.16699773501;9.661999940872192
data/kroA200.tsp;47;local_search_steepest;38068.220122614905;9.266000509262085
data/kroA200.tsp;48;local_search_steepest;38908.126604226345;8.963999271392822
data/kroA200.tsp;49;local_search_steepest;39523.01908820084;8.730999946594238
data/kroB200.tsp;0;local_search_steepest;37459.89371357708;9.058999061584473
data/kroB200.tsp;1;local_search_steepest;38854.27588541238;8.396999835968018
data/kroB200.tsp;2;local_search_steepest;38914.337109744665;9.027999639511108
data/kroB200.tsp;3;local_search_steepest;37818.05460983768;9.405027866363525
data/kroB200.tsp;4;local_search_steepest;39969.39809165645;9.048001050949097
data/kroB200.tsp;5;local_search_steepest;37641.94090129272;8.940999984741211
data/kroB200.tsp;6;local_search_steepest;39019.79868114104;9.100999593734741
data/kroB200.tsp;7;local_search_steepest;39565.21335584662;8.851999998092651
data/kroB200.tsp;8;local_search_steepest;38288.65667361516;9.142000436782837
data/kroB200.tsp;9;local_search_steepest;39250.60315919253;9.167001485824585
data/kroB200.tsp;10;local_search_steepest;38932.19822053713;9.107002019882202
data/kroB200.tsp;11;local_search_steepest;38661.2910825623;8.977000951766968
data/kroB200.tsp;12;local_search_steepest;39645.24299250289;9.259000539779663
data/kroB200.tsp;13;local_search_steepest;39641.14973906269;8.634000539779663
data/kroB200.tsp;14;local_search_steepest;38381.68451531021;9.303999423980713
data/kroB200.tsp;15;local_search_steepest;40863.77173212558;8.451001167297363
data/kroB200.tsp;16;local_search_steepest;38196.3850941725;9.550999879837036
data/kroB200.tsp;17;local_search_steepest;40100.49624436264;9.153998136520386
data/kroB200.tsp;18;local_search_steepest;37955.03931147473;9.553851127624512
data/kroB200.tsp;19;local_search_steepest;37781.455713712516;9.633996725082397
data/kroB200.tsp;20;local_search_steepest;36224.25848636708;10.113999843597412
data/kroB200.tsp;21;local_search_steepest;37809.562859995014;9.89302110671997
data/kroB200.tsp;22;local_search_steepest;40238.01199602323;9.020544052124023
data/kroB200.tsp;23;local_search_steepest;38180.035164031484;10.207998514175415
data/kroB200.tsp;24;local_search_steepest;38663.548560603;8.445999145507812
data/kroB200.tsp;25;local_search_steepest;37195.015230133125;10.306000232696533
data/kroB200.tsp;26;local_search_steepest;40348.88776822379;8.467000007629395
data/kroB200.tsp;27;local_search_steepest;39862.93401730512;8.663999557495117
data/kroB200.tsp;28;local_search_steepest;39198.81061512641;8.86500072479248
data/kroB200.tsp;29;local_search_steepest;35869.77920229199;8.792000532150269
data/kroB200.tsp;30;local_search_steepest;38373.91408327094;9.018000364303589
data/kroB200.tsp;31;local_search_steepest;38849.35915327529;8.667001485824585
data/kroB200.tsp;32;local_search_steepest;38260.25739643264;9.155000925064087
data/kroB200.tsp;33;local_search_steepest;37935.1917554824;9.648690462112427
data/kroB200.tsp;34;local_search_steepest;39709.76709106162;8.452243566513062
data/kroB200.tsp;35;local_search_steepest;38351.50077579688;8.835999488830566
data/kroB200.tsp;36;local_search_steepest;38704.69191238956;8.258999824523926
data/kroB200.tsp;37;local_search_steepest;38749.80836849059;8.47900128364563
data/kroB200.tsp;38;local_search_steepest;38192.837135500085;9.209998846054077
data/kroB200.tsp;39;local_search_steepest;38161.04545197476;8.846999168395996
data/kroB200.tsp;40;local_search_steepest;37526.320793671315;8.84199833869934
data/kroB200.tsp;41;local_search_steepest;37392.91916181243;8.905000448226929
data/kroB200.tsp;42;local_search_steepest;38584.31524661505;9.124998807907104
data/kroB200.tsp;43;local_search_steepest;37927.72874627494;9.460999727249146
data/kroB200.tsp;44;local_search_steepest;38954.40572539107;8.88100004196167
data/kroB200.tsp;45;local_search_steepest;38951.768032654814;8.474001407623291
data/kroB200.tsp;46;local_search_steepest;41552.117976782916;8.098999500274658
data/kroB200.tsp;47;local_search_steepest;39342.968873503065;8.740001201629639
data/kroB200.tsp;48;local_search_steepest;38234.78632721684;8.140082597732544
data/kroB200.tsp;49;local_search_steepest;37077.379740976365;8.209000587463379
data/kroA200.tsp;0;candidate_moves_algorithm;46237.41073640839;4.036999464035034
data/kroA200.tsp;1;candidate_moves_algorithm;45401.42322720958;4.113999605178833
data/kroA200.tsp;2;candidate_moves_algorithm;46143.98748683831;4.183999538421631
data/kroA200.tsp;3;candidate_moves_algorithm;48799.15187277853;3.877999782562256
data/kroA200.tsp;4;candidate_moves_algorithm;47248.34771766236;4.211000919342041
data/kroA200.tsp;5;candidate_moves_algorithm;47831.941176592176;4.156999588012695
data/kroA200.tsp;6;candidate_moves_algorithm;47532.00872831241;4.074000358581543
data/kroA200.tsp;7;candidate_moves_algorithm;47122.1875058379;3.9810023307800293
data/kroA200.tsp;8;candidate_moves_algorithm;47257.34794914892;3.974998712539673
data/kroA200.tsp;9;candidate_moves_algorithm;46724.4464377085;4.078998327255249
data/kroA200.tsp;10;candidate_moves_algorithm;47343.05201191538;3.8960001468658447
data/kroA200.tsp;11;candidate_moves_algorithm;46903.82228261615;3.9370012283325195
data/kroA200.tsp;12;candidate_moves_algorithm;47119.3130897729;4.400998592376709
data/kroA200.tsp;13;candidate_moves_algorithm;46755.30748535186;4.249998331069946
data/kroA200.tsp;14;candidate_moves_algorithm;47270.5003030401;4.712998867034912
data/kroA200.tsp;15;candidate_moves_algorithm;49750.158655935506;4.006000518798828
data/kroA200.tsp;16;candidate_moves_algorithm;45556.44365669679;3.9320011138916016
data/kroA200.tsp;17;candidate_moves_algorithm;46683.76368211663;4.149999380111694
data/kroA200.tsp;18;candidate_moves_algorithm;48218.74682305788;4.000999927520752
data/kroA200.tsp;19;candidate_moves_algorithm;47330.93355769798;3.725001811981201
data/kroA200.tsp;20;candidate_moves_algorithm;45454.36666426387;4.296999931335449
data/kroA200.tsp;21;candidate_moves_algorithm;46984.116375871614;4.041000843048096
data/kroA200.tsp;22;candidate_moves_algorithm;48858.4042600265;3.962998867034912
data/kroA200.tsp;23;candidate_moves_algorithm;48407.64619813229;4.202000379562378
data/kroA200.tsp;24;candidate_moves_algorithm;47339.722133958756;4.05299973487854
data/kroA200.tsp;25;candidate_moves_algorithm;48465.046614233965;4.095000267028809
data/kroA200.tsp;26;candidate_moves_algorithm;47570.11300394258;3.973998785018921
data/kroA200.tsp;27;candidate_moves_algorithm;46684.9022347502;4.42300009727478
data/kroA200.tsp;28;candidate_moves_algorithm;46674.91469017338;4.140000343322754
data/kroA200.tsp;29;candidate_moves_algorithm;46738.476672405;4.028000354766846
data/kroA200.tsp;30;candidate_moves_algorithm;46053.267896435544;3.956000566482544
data/kroA200.tsp;31;candidate_moves_algorithm;45890.109493399585;4.255000114440918
data/kroA200.tsp;32;candidate_moves_algorithm;46115.92253534571;4.013999938964844
data/kroA200.tsp;33;candidate_moves_algorithm;47697.34392270798;4.0849995613098145
data/kroA200.tsp;34;candidate_moves_algorithm;49029.81096776962;4.153997421264648
data/kroA200.tsp;35;candidate_moves_algorithm;45382.20376371867;4.357000827789307
data/kroA200.tsp;36;candidate_moves_algorithm;45104.57305308455;4.081998825073242
data/kroA200.tsp;37;candidate_moves_algorithm;49219.84465453815;4.3170006275177
data/kroA200.tsp;38;candidate_moves_algorithm;47827.101590968974;4.279999256134033
data/kroA200.tsp;39;candidate_moves_algorithm;46932.337678486496;4.063001394271851
data/kroA200.tsp;40;candidate_moves_algorithm;46628.605632846826;4.110999584197998
data/kroA200.tsp;41;candidate_moves_algorithm;48065.98932431665;4.062000036239624
data/kroA200.tsp;42;candidate_moves_algorithm;44774.40772587544;4.148998498916626
data/kroA200.tsp;43;candidate_moves_algorithm;45886.071209237256;4.179998397827148
data/kroA200.tsp;44;candidate_moves_algorithm;47564.815424480475;4.271999359130859
data/kroA200.tsp;45;candidate_moves_algorithm;45865.834131645075;4.2900002002716064
data/kroA200.tsp;46;candidate_moves_algorithm;47426.85651200256;4.0749993324279785
data/kroA200.tsp;47;candidate_moves_algorithm;48306.79343664908;4.071999549865723
data/kroA200.tsp;48;candidate_moves_algorithm;48081.38446435859;3.9089999198913574
data/kroA200.tsp;49;candidate_moves_algorithm;47626.54156332299;3.7570013999938965
data/kroB200.tsp;0;candidate_moves_algorithm;43990.16541882178;4.085000276565552
data/kroB200.tsp;1;candidate_moves_algorithm;47351.04774495239;3.881999969482422
data/kroB200.tsp;2;candidate_moves_algorithm;46039.16229355085;3.9839980602264404
data/kroB200.tsp;3;candidate_moves_algorithm;46856.943426986145;3.6309993267059326
data/kroB200.tsp;4;candidate_moves_algorithm;47151.80765333287;4.239999771118164
data/kroB200.tsp;5;candidate_moves_algorithm;45172.78907373341;4.2059996128082275
data/kroB200.tsp;6;candidate_moves_algorithm;46390.600226219554;3.867000102996826
data/kroB200.tsp;7;candidate_moves_algorithm;47549.275241774376;4.011000394821167
data/kroB200.tsp;8;candidate_moves_algorithm;47060.855855821246;3.7420012950897217
data/kroB200.tsp;9;candidate_moves_algorithm;51202.96000231092;3.9329993724823
data/kroB200.tsp;10;candidate_moves_algorithm;46414.84246399024;4.065999984741211
data/kroB200.tsp;11;candidate_moves_algorithm;48370.37970734427;3.921999931335449
data/kroB200.tsp;12;candidate_moves_algorithm;44702.14341914164;4.147997617721558
data/kroB200.tsp;13;candidate_moves_algorithm;46173.013928118715;4.046000242233276
data/kroB200.tsp;14;candidate_moves_algorithm;45241.42078275993;4.160001039505005
data/kroB200.tsp;15;candidate_moves_algorithm;45881.15540559819;4.311999797821045
data/kroB200.tsp;16;candidate_moves_algorithm;44801.00066931824;4.13399863243103
data/kroB200.tsp;17;candidate_moves_algorithm;48537.276782468856;4.044000864028931
data/kroB200.tsp;18;candidate_moves_algorithm;46405.823661194976;4.12300181388855
data/kroB200.tsp;19;candidate_moves_algorithm;44927.122043737894;3.989000082015991
data/kroB200.tsp;20;candidate_moves_algorithm;45976.226197155345;4.145000457763672
data/kroB200.tsp;21;candidate_moves_algorithm;46394.2179303457;4.1780009269714355
data/kroB200.tsp;22;candidate_moves_algorithm;45775.629972768416;4.150001287460327
data/kroB200.tsp;23;candidate_moves_algorithm;45519.99294599818;4.175000429153442
data/kroB200.tsp;24;candidate_moves_algorithm;46112.052575269336;4.17900013923645
data/kroB200.tsp;25;candidate_moves_algorithm;46550.23641434939;4.021999359130859
data/kroB200.tsp;26;candidate_moves_algorithm;45293.87127653133;4.154001235961914
data/kroB200.tsp;27;candidate_moves_algorithm;45970.04438270404;3.910000801086426
data/kroB200.tsp;28;candidate_moves_algorithm;47003.78749817314;4.141000270843506
data/kroB200.tsp;29;candidate_moves_algorithm;46377.901412746294;3.9190011024475098
data/kroB200.tsp;30;candidate_moves_algorithm;47374.57066406099;4.028002977371216
data/kroB200.tsp;31;candidate_moves_algorithm;45256.433983925206;4.48900032043457
data/kroB200.tsp;32;candidate_moves_algorithm;46185.213262066434;4.223001718521118
data/kroB200.tsp;33;candidate_moves_algorithm;47096.28970491847;4.244000196456909
data/kroB200.tsp;34;candidate_moves_algorithm;45061.4445308705;3.931002616882324
data/kroB200.tsp;35;candidate_moves_algorithm;48727.03089166482;4.002000570297241
data/kroB200.tsp;36;candidate_moves_algorithm;46456.947391626745;4.132001638412476
data/kroB200.tsp;37;candidate_moves_algorithm;46351.66114632819;4.182998418807983
data/kroB200.tsp;38;candidate_moves_algorithm;46759.98062374345;3.966998815536499
data/kroB200.tsp;39;candidate_moves_algorithm;45374.674866665824;4.182999849319458
data/kroB200.tsp;40;candidate_moves_algorithm;46532.902261978554;4.171998977661133
data/kroB200.tsp;41;candidate_moves_algorithm;44370.849901122405;4.216999053955078
data/kroB200.tsp;42;candidate_moves_algorithm;46618.97978975648;4.243999481201172
data/kroB200.tsp;43;candidate_moves_algorithm;47477.26390828441;3.708001136779785
data/kroB200.tsp;44;candidate_moves_algorithm;45987.4404073482;4.38000226020813
data/kroB200.tsp;45;candidate_moves_algorithm;47703.16282170666;3.89400053024292
data/kroB200.tsp;46;candidate_moves_algorithm;45747.61733659651;4.20199990272522
data/kroB200.tsp;47;candidate_moves_algorithm;47370.28921407695;3.8750007152557373
data/kroB200.tsp;48;candidate_moves_algorithm;46585.41460238148;4.412999868392944
data/kroB200.tsp;49;candidate_moves_algorithm;46082.26604362396;4.2420008182525635
data/kroA200.tsp;0;cache_moves_algorithm;50685.76093510263;1.4490008354187012
data/kroA200.tsp;1;cache_moves_algorithm;54078.3570913656;1.343001127243042
data/kroA200.tsp;2;cache_moves_algorithm;51102.49389978831;1.1449995040893555
data/kroA200.tsp;3;cache_moves_algorithm;55289.89899234715;1.3619983196258545
data/kroA200.tsp;4;cache_moves_algorithm;50598.32046596782;1.309999704360962
data/kroA200.tsp;5;cache_moves_algorithm;51158.776979985676;1.196000337600708
data/kroA200.tsp;6;cache_moves_algorithm;50029.22789665015;1.2179994583129883
data/kroA200.tsp;7;cache_moves_algorithm;53043.24802852195;1.2470009326934814
data/kroA200.tsp;8;cache_moves_algorithm;49132.62123431235;1.613999366760254
data/kroA200.tsp;9;cache_moves_algorithm;52208.86924179969;1.3959977626800537
data/kroA200.tsp;10;cache_moves_algorithm;48898.003109664496;1.5049972534179688
data/kroA200.tsp;11;cache_moves_algorithm;51291.14234265876;1.4109985828399658
data/kroA200.tsp;12;cache_moves_algorithm;55984.13391131361;1.3910014629364014
data/kroA200.tsp;13;cache_moves_algorithm;54381.390804968236;1.1989991664886475
data/kroA200.tsp;14;cache_moves_algorithm;51372.55282582255;1.2559974193572998
data/kroA200.tsp;15;cache_moves_algorithm;50165.12053739025;2.0109987258911133
data/kroA200.tsp;16;cache_moves_algorithm;51435.32803750482;1.4179983139038086
data/kroA200.tsp;17;cache_moves_algorithm;54913.47989259746;1.1220006942749023
data/kroA200.tsp;18;cache_moves_algorithm;52588.95046827312;1.2950005531311035
data/kroA200.tsp;19;cache_moves_algorithm;55628.99301441149;1.2529988288879395
data/kroA200.tsp;20;cache_moves_algorithm;49360.30877301615;1.2550039291381836
data/kroA200.tsp;21;cache_moves_algorithm;50530.1227863127;1.4180002212524414
data/kroA200.tsp;22;cache_moves_algorithm;55175.4638126753;0.8349974155426025
data/kroA200.tsp;23;cache_moves_algorithm;49748.582248122795;1.1940011978149414
data/kroA200.tsp;24;cache_moves_algorithm;51902.83039095492;1.3799993991851807
data/kroA200.tsp;25;cache_moves_algorithm;53972.9445215366;1.3290019035339355
data/kroA200.tsp;26;cache_moves_algorithm;53141.759139397225;1.3550007343292236
data/kroA200.tsp;27;cache_moves_algorithm;53815.40531566803;1.8090016841888428
data/kroA200.tsp;28;cache_moves_algorithm;53855.45489983304;1.6330013275146484
data/kroA200.tsp;29;cache_moves_algorithm;50877.17560168789;1.2990005016326904
data/kroA200.tsp;30;cache_moves_algorithm;53115.29236733018;1.5560028553009033
data/kroA200.tsp;31;cache_moves_algorithm;48818.419878324086;1.0920007228851318
data/kroA200.tsp;32;cache_moves_algorithm;47799.35826640161;1.590998649597168
data/kroA200.tsp;33;cache_moves_algorithm;49978.80274760227;1.3329987525939941
data/kroA200.tsp;34;cache_moves_algorithm;49685.370378489904;1.60499906539917
data/kroA200.tsp;35;cache_moves_algorithm;52078.369450049286;1.5809998512268066
data/kroA200.tsp;36;cache_moves_algorithm;56712.83120864434;1.3760008811950684
data/kroA200.tsp;37;cache_moves_algorithm;48530.293854507036;1.5139999389648438
data/kroA200.tsp;38;cache_moves_algorithm;50390.39833425333;1.4089982509613037
data/kroA200.tsp;39;cache_moves_algorithm;53398.024506401685;1.4980018138885498
data/kroA200.tsp;40;cache_moves_algorithm;50300.40146884545;1.5199999809265137
data/kroA200.tsp;41;cache_moves_algorithm;60111.27529115516;1.3020005226135254
data/kroA200.tsp;42;cache_moves_algorithm;50270.806680632704;1.3870010375976562
data/kroA200.tsp;43;cache_moves_algorithm;47267.915191795284;1.2869999408721924
data/kroA200.tsp;44;cache_moves_algorithm;53832.624423904694;1.4670007228851318
data/kroA200.tsp;45;cache_moves_algorithm;51173.81938177654;1.5620002746582031
data/kroA200.tsp;46;cache_moves_algorithm;49958.71810515037;1.556764841079712
data/kroA200.tsp;47;cache_moves_algorithm;48892.04796402577;1.4709999561309814
data/kroA200.tsp;48;cache_moves_algorithm;51985.93684902345;1.9410014152526855
data/kroA200.tsp;49;cache_moves_algorithm;49173.224579473914;1.708998680114746
data/kroB200.tsp;0;cache_moves_algorithm;51854.33327574941;1.5679984092712402
data/kroB200.tsp;1;cache_moves_algorithm;53702.74028795302;1.1559991836547852
data/kroB200.tsp;2;cache_moves_algorithm;49172.9142362931;1.625
data/kroB200.tsp;3;cache_moves_algorithm;49609.66538927399;1.2549998760223389
data/kroB200.tsp;4;cache_moves_algorithm;58214.53366084566;1.1529996395111084
data/kroB200.tsp;5;cache_moves_algorithm;51919.127836517946;1.2030000686645508
data/kroB200.tsp;6;cache_moves_algorithm;54887.444577069415;1.5160009860992432
data/kroB200.tsp;7;cache_moves_algorithm;50291.1116091421;1.577998399734497
data/kroB200.tsp;8;cache_moves_algorithm;53009.88558637641;1.4340004920959473
data/kroB200.tsp;9;cache_moves_algorithm;49161.417231013955;1.1510000228881836
data/kroB200.tsp;10;cache_moves_algorithm;49548.50031408833;1.5109999179840088
data/kroB200.tsp;11;cache_moves_algorithm;50713.544456799755;1.2829995155334473
data/kroB200.tsp;12;cache_moves_algorithm;49640.22253624785;1.2019999027252197
data/kroB200.tsp;13;cache_moves_algorithm;51971.65568585285;1.3830006122589111
data/kroB200.tsp;14;cache_moves_algorithm;51938.82238451283;1.2540006637573242
data/kroB200.tsp;15;cache_moves_algorithm;49107.136411361134;1.6649999618530273
data/kroB200.tsp;16;cache_moves_algorithm;51332.764729491704;1.2430002689361572
data/kroB200.tsp;17;cache_moves_algorithm;48874.63353943869;1.1140012741088867
data/kroB200.tsp;18;cache_moves_algorithm;49412.1318635399;1.386000156402588
data/kroB200.tsp;19;cache_moves_algorithm;53273.688215217306;1.0680005550384521
data/kroB200.tsp;20;cache_moves_algorithm;53910.528900267615;1.7159998416900635
data/kroB200.tsp;21;cache_moves_algorithm;49742.94140418393;1.4130001068115234
data/kroB200.tsp;22;cache_moves_algorithm;53879.71072471091;1.0110013484954834
data/kroB200.tsp;23;cache_moves_algorithm;51224.96204247234;1.3009979724884033
data/kroB200.tsp;24;cache_moves_algorithm;48485.88225688791;0.9999995231628418
data/kroB200.tsp;25;cache_moves_algorithm;53219.417754059985;0.9400026798248291
data/kroB200.tsp;26;cache_moves_algorithm;50706.147804347216;1.765000820159912
data/kroB200.tsp;27;cache_moves_algorithm;50536.794435223084;1.44100022315979
data/kroB200.tsp;28;cache_moves_algorithm;47424.2338764404;1.4800007343292236
data/kroB200.tsp;29;cache_moves_algorithm;48629.03073190231;1.2620010375976562
data/kroB200.tsp;30;cache_moves_algorithm;54104.82895858145;1.253000259399414
data/kroB200.tsp;31;cache_moves_algorithm;52753.63941855662;1.2500019073486328
data/kroB200.tsp;32;cache_moves_algorithm;54187.15039676982;1.2690002918243408
data/kroB200.tsp;33;cache_moves_algorithm;55547.33977259928;1.217998743057251
data/kroB200.tsp;34;cache_moves_algorithm;50719.662745922804;1.2530016899108887
data/kroB200.tsp;35;cache_moves_algorithm;52448.51798677204;1.3489990234375
data/kroB200.tsp;36;cache_moves_algorithm;52070.33692763897;1.8180015087127686
data/kroB200.tsp;37;cache_moves_algorithm;46743.54671724957;1.600999355316162
data/kroB200.tsp;38;cache_moves_algorithm;50988.62376883847;1.202998399734497
data/kroB200.tsp;39;cache_moves_algorithm;54669.85148142684;1.2720005512237549
data/kroB200.tsp;40;cache_moves_algorithm;50554.69831107167;1.4389986991882324
data/kroB200.tsp;41;cache_moves_algorithm;49078.07506070458;1.5340003967285156
data/kroB200.tsp;42;cache_moves_algorithm;48455.38615711067;1.9120025634765625
data/kroB200.tsp;43;cache_moves_algorithm;50321.08552179889;1.5930018424987793
data/kroB200.tsp;44;cache_moves_algorithm;52156.7349209439;1.9249978065490723
data/kroB200.tsp;45;cache_moves_algorithm;52434.398895627746;1.1329996585845947
data/kroB200.tsp;46;cache_moves_algorithm;49122.18302487582;1.548999547958374
data/kroB200.tsp;47;cache_moves_algorithm;56652.29674798971;1.0079975128173828
data/kroB200.tsp;48;cache_moves_algorithm;48998.50905467005;1.2839992046356201
data/kroB200.tsp;49;cache_moves_algorithm;52510.259093240675;1.4239988327026367
data/kroA200.tsp;0;local_search_steepest;40538.34815434787;7.7230000495910645
data/kroA200.tsp;1;local_search_steepest;38672.10005658561;8.252000570297241
data/kroA200.tsp;2;local_search_steepest;39697.84614267663;7.7669997215271
data/kroA200.tsp;3;local_search_steepest;38053.80252658817;8.67215633392334
data/kroA200.tsp;4;local_search_steepest;38712.621910856134;8.142000436782837
data/kroA200.tsp;5;local_search_steepest;39668.62317765612;8.35099983215332
data/kroA200.tsp;6;local_search_steepest;37864.03604902699;8.323998928070068
data/kroA200.tsp;7;local_search_steepest;38740.668540147264;8.000999927520752
data/kroA200.tsp;8;local_search_steepest;37366.91292072581;7.807000160217285
data/kroA200.tsp;9;local_search_steepest;37570.10787425174;8.819999933242798
data/kroA200.tsp;10;local_search_steepest;38303.69080462263;8.353999137878418
data/kroA200.tsp;11;local_search_steepest;37304.24679389024;8.100000143051147
data/kroA200.tsp;12;local_search_steepest;36970.588940191556;8.447999477386475
data/kroA200.tsp;13;local_search_steepest;37523.71370076107;8.426000356674194
data/kroA200.tsp;14;local_search_steepest;38879.70612056166;8.316001415252686
data/kroA200.tsp;15;local_search_steepest;36787.86322658643;8.014000177383423
data/kroA200.tsp;16;local_search_steepest;38130.28297934676;8.071001291275024
data/kroA200.tsp;17;local_search_steepest;38652.02098125056;8.011000871658325
data/kroA200.tsp;18;local_search_steepest;38392.26289700672;7.648998737335205
data/kroA200.tsp;19;local_search_steepest;38843.90966560096;7.869000196456909
data/kroA200.tsp;20;local_search_steepest;38809.67472653928;7.954001426696777
data/kroA200.tsp;21;local_search_steepest;40016.89857811827;7.471998453140259
data/kroA200.tsp;22;local_search_steepest;38735.49144184694;8.312000036239624
data/kroA200.tsp;23;local_search_steepest;37792.80987979639;7.656998872756958
data/kroA200.tsp;24;local_search_steepest;40249.556656041466;7.584000110626221
data/kroA200.tsp;25;local_search_steepest;39665.61949941331;7.993001937866211
data/kroA200.tsp;26;local_search_steepest;37549.50218350737;8.119999647140503
data/kroA200.tsp;27;local_search_steepest;39635.75985069185;7.93000054359436
data/kroA200.tsp;28;local_search_steepest;40270.42828158539;8.03999948501587
data/kroA200.tsp;29;local_search_steepest;37927.00545569774;8.71000051498413
data/kroB200.tsp;0;local_search_steepest;38569.2295713137;9.319000720977783
data/kroB200.tsp;1;local_search_steepest;37867.91979239506;7.995000600814819
data/kroB200.tsp;2;local_search_steepest;38545.62542880512;7.959000110626221
data/kroB200.tsp;3;local_search_steepest;39960.794309383185;8.022000074386597
data/kroB200.tsp;4;local_search_steepest;40672.130443059505;8.057000637054443
data/kroB200.tsp;5;local_search_steepest;39225.976516936236;7.820009469985962
data/kroB200.tsp;6;local_search_steepest;40024.71973446781;8.498001337051392
data/kroB200.tsp;7;local_search_steepest;38611.1959657755;8.068000316619873
data/kroB200.tsp;8;local_search_steepest;36815.00913625448;8.942999839782715
data/kroB200.tsp;9;local_search_steepest;38639.822801728056;8.381974458694458
data/kroB200.tsp;10;local_search_steepest;37563.49230327163;8.791000127792358
data/kroB200.tsp;11;local_search_steepest;38119.613327597945;8.752999782562256
data/kroB200.tsp;12;local_search_steepest;38671.94495402633;8.940001249313354
data/kroB200.tsp;13;local_search_steepest;40371.819745555855;8.35599946975708
data/kroB200.tsp;14;local_search_steepest;37651.585330765156;9.006998777389526
data/kroB200.tsp;15;local_search_steepest;38020.17761527397;8.615770816802979
data/kroB200.tsp;16;local_search_steepest;36348.51783378403;8.206999778747559
data/kroB200.tsp;17;local_search_steepest;39234.47383526836;7.357001304626465
data/kroB200.tsp;18;local_search_steepest;39051.02318299299;8.480000257492065
data/kroB200.tsp;19;local_search_steepest;39484.971432963655;8.397000551223755
data/kroB200.tsp;20;local_search_steepest;39212.746805783114;8.422000408172607
data/kroB200.tsp;21;local_search_steepest;38011.96827275666;7.768001556396484
data/kroB200.tsp;22;local_search_steepest;38648.30809466058;7.721999883651733
data/kroB200.tsp;23;local_search_steepest;37551.7073112512;8.183000564575195
data/kroB200.tsp;24;local_search_steepest;38627.779279467795;8.359007835388184
data/kroB200.tsp;25;local_search_steepest;39685.837534676975;8.238139390945435
data/kroB200.tsp;26;local_search_steepest;40370.21318748835;8.329999685287476
data/kroB200.tsp;27;local_search_steepest;39271.947963826584;7.824999570846558
data/kroB200.tsp;28;local_search_steepest;37360.34528713667;7.832001209259033
data/kroB200.tsp;29;local_search_steepest;38894.06615532757;7.66700005531311
data/kroA200.tsp;0;candidate_moves_algorithm;48305.126059452145;7.725825309753418
data/kroA200.tsp;1;candidate_moves_algorithm;45922.50859023742;8.221999406814575
data/kroA200.tsp;2;candidate_moves_algorithm;47296.7126377978;7.447000503540039
data/kroA200.tsp;3;candidate_moves_algorithm;44839.733269493765;7.3919997215271
data/kroA200.tsp;4;candidate_moves_algorithm;45224.38712609227;8.050000190734863
data/kroA200.tsp;5;candidate_moves_algorithm;47488.28410380277;7.610184669494629
data/kroA200.tsp;6;candidate_moves_algorithm;46733.868412470096;7.197999954223633
data/kroA200.tsp;7;candidate_moves_algorithm;44566.57509804162;7.679974555969238
data/kroA200.tsp;8;candidate_moves_algorithm;45120.068727240694;7.852000713348389
data/kroA200.tsp;9;candidate_moves_algorithm;45631.80529282183;7.8679986000061035
data/kroA200.tsp;10;candidate_moves_algorithm;48211.612569808916;7.454999685287476
data/kroA200.tsp;11;candidate_moves_algorithm;45837.785108329845;7.553000211715698
data/kroA200.tsp;12;candidate_moves_algorithm;46586.99476571755;7.571000576019287
data/kroA200.tsp;13;candidate_moves_algorithm;46225.27629279338;7.319000244140625
data/kroA200.tsp;14;candidate_moves_algorithm;47067.33132265514;7.53800106048584
data/kroA200.tsp;15;candidate_moves_algorithm;46361.83462573908;7.3379998207092285
data/kroA200.tsp;16;candidate_moves_algorithm;48830.297915522504;7.1579999923706055
data/kroA200.tsp;17;candidate_moves_algorithm;45543.25231505731;8.083002805709839
data/kroA200.tsp;18;candidate_moves_algorithm;48123.593569146746;7.420999526977539
data/kroA200.tsp;19;candidate_moves_algorithm;47438.21899286243;7.707000255584717
data/kroA200.tsp;20;candidate_moves_algorithm;48604.23993766146;7.485999822616577
data/kroA200.tsp;21;candidate_moves_algorithm;47344.64768440499;7.861116886138916
data/kroA200.tsp;22;candidate_moves_algorithm;48153.18135975704;7.376999855041504
data/kroA200.tsp;23;candidate_moves_algorithm;47984.872556524955;7.410999536514282
data/kroA200.tsp;24;candidate_moves_algorithm;46163.94778477763;7.328994989395142
data/kroA200.tsp;25;candidate_moves_algorithm;46575.51841237918;7.477999210357666
data/kroA200.tsp;26;candidate_moves_algorithm;45767.895449371885;7.604001760482788
data/kroA200.tsp;27;candidate_moves_algorithm;46378.42820193044;7.829000234603882
data/kroA200.tsp;28;candidate_moves_algorithm;47475.07716141376;7.556000709533691
data/kroA200.tsp;29;candidate_moves_algorithm;47599.0328220072;7.871999979019165
data/kroB200.tsp;0;candidate_moves_algorithm;45033.31361745472;7.209000110626221
data/kroB200.tsp;1;candidate_moves_algorithm;45388.76945666892;7.555998802185059
data/kroB200.tsp;2;candidate_moves_algorithm;43693.32931289616;7.682000637054443
data/kroB200.tsp;3;candidate_moves_algorithm;44583.6498111479;7.270999908447266
data/kroB200.tsp;4;candidate_moves_algorithm;46052.49857185989;7.266999959945679
data/kroB200.tsp;5;candidate_moves_algorithm;45533.28877308406;7.482999801635742
data/kroB200.tsp;6;candidate_moves_algorithm;47390.624264618906;7.387002229690552
data/kroB200.tsp;7;candidate_moves_algorithm;46376.604764473435;7.163999795913696
data/kroB200.tsp;8;candidate_moves_algorithm;45685.23225145225;7.563000202178955
data/kroB200.tsp;9;candidate_moves_algorithm;47113.835643939005;7.272000074386597
data/kroB200.tsp;10;candidate_moves_algorithm;46392.58140982092;7.699000120162964
data/kroB200.tsp;11;candidate_moves_algorithm;45798.003619358926;7.81200098991394
data/kroB200.tsp;12;candidate_moves_algorithm;45437.48633212468;7.250001907348633
data/kroB200.tsp;13;candidate_moves_algorithm;44908.547883511885;7.70199990272522
data/kroB200.tsp;14;candidate_moves_algorithm;44871.66006638067;7.17500114440918
data/kroB200.tsp;15;candidate_moves_algorithm;46312.722072928125;7.577999114990234
data/kroB200.tsp;16;candidate_moves_algorithm;47385.51259271867;7.4939985275268555
data/kroB200.tsp;17;candidate_moves_algorithm;45110.22835863251;7.953999996185303
data/kroB200.tsp;18;candidate_moves_algorithm;47074.484482926;7.520999908447266
data/kroB200.tsp;19;candidate_moves_algorithm;46270.43630250469;7.7850000858306885
data/kroB200.tsp;20;candidate_moves_algorithm;45070.14961239036;7.342001676559448
data/kroB200.tsp;21;candidate_moves_algorithm;45825.93730752104;7.408000469207764
data/kroB200.tsp;22;candidate_moves_algorithm;46752.17625092727;7.562999963760376
data/kroB200.tsp;23;candidate_moves_algorithm;46303.22573938605;7.910001516342163
data/kroB200.tsp;24;candidate_moves_algorithm;46401.551214141335;7.246001243591309
data/kroB200.tsp;25;candidate_moves_algorithm;48724.62698642559;7.150000333786011
data/kroB200.tsp;26;candidate_moves_algorithm;46196.864245720026;8.036999940872192
data/kroB200.tsp;27;candidate_moves_algorithm;46783.755720754474;8.134998321533203
data/kroB200.tsp;28;candidate_moves_algorithm;44926.19376471393;7.593999862670898
data/kroB200.tsp;29;candidate_moves_algorithm;46162.97281458892;7.328999280929565
data/kroA200.tsp;0;cache_moves_algorithm;51196.73036827058;1.096998929977417
data/kroA200.tsp;1;cache_moves_algorithm;56283.67905073361;0.9230022430419922
data/kroA200.tsp;2;cache_moves_algorithm;59122.032869623945;1.082000494003296
data/kroA200.tsp;3;cache_moves_algorithm;52596.23763481062;1.0610010623931885
data/kroA200.tsp;4;cache_moves_algorithm;54435.37002694948;0.9820003509521484
data/kroA200.tsp;5;cache_moves_algorithm;53520.48302303057;1.2350013256072998
data/kroA200.tsp;6;cache_moves_algorithm;52067.960472781866;0.9990024566650391
data/kroA200.tsp;7;cache_moves_algorithm;53191.51422087468;0.9739999771118164
data/kroA200.tsp;8;cache_moves_algorithm;57348.608543634975;1.0600011348724365
data/kroA200.tsp;9;cache_moves_algorithm;49853.813072910016;1.1030004024505615
data/kroA200.tsp;10;cache_moves_algorithm;50435.105696143975;1.384000539779663
data/kroA200.tsp;11;cache_moves_algorithm;50358.35356246602;1.6660001277923584
data/kroA200.tsp;12;cache_moves_algorithm;49860.21661151102;1.505000114440918
data/kroA200.tsp;13;cache_moves_algorithm;49620.4735141165;1.1460001468658447
data/kroA200.tsp;14;cache_moves_algorithm;50486.124438523984;1.1110007762908936
data/kroA200.tsp;15;cache_moves_algorithm;49230.28904403691;1.2379999160766602
data/kroA200.tsp;16;cache_moves_algorithm;48097.20342297506;1.2820000648498535
data/kroA200.tsp;17;cache_moves_algorithm;54065.03615286329;1.1970000267028809
data/kroA200.tsp;18;cache_moves_algorithm;49765.09010866987;1.7510008811950684
data/kroA200.tsp;19;cache_moves_algorithm;54963.82606993017;1.0159995555877686
data/kroA200.tsp;20;cache_moves_algorithm;52367.18228292091;1.5759994983673096
data/kroA200.tsp;21;cache_moves_algorithm;52634.97887280363;1.7080004215240479
data/kroA200.tsp;22;cache_moves_algorithm;52170.063855510816;1.3459999561309814
data/kroA200.tsp;23;cache_moves_algorithm;54501.56588674952;1.3960001468658447
data/kroA200.tsp;24;cache_moves_algorithm;51211.44314477456;1.21000337600708
data/kroA200.tsp;25;cache_moves_algorithm;52261.60913355382;1.06600022315979
data/kroA200.tsp;26;cache_moves_algorithm;52149.48206093343;1.3690001964569092
data/kroA200.tsp;27;cache_moves_algorithm;53197.177334213615;1.3310000896453857
data/kroA200.tsp;28;cache_moves_algorithm;47708.99769651692;1.4889988899230957
data/kroA200.tsp;29;cache_moves_algorithm;52096.64997634692;1.3129997253417969
data/kroB200.tsp;0;cache_moves_algorithm;52551.954405903096;1.1370000839233398
data/kroB200.tsp;1;cache_moves_algorithm;51072.12840731213;1.06600022315979
data/kroB200.tsp;2;cache_moves_algorithm;52764.155816292;1.202000617980957
data/kroB200.tsp;3;cache_moves_algorithm;52984.28415531562;1.2590000629425049
data/kroB200.tsp;4;cache_moves_algorithm;50441.655050371366;1.3579998016357422
data/kroB200.tsp;5;cache_moves_algorithm;53011.61841031427;1.3990001678466797
data/kroB200.tsp;6;cache_moves_algorithm;50173.62129263481;1.1639986038208008
data/kroB200.tsp;7;cache_moves_algorithm;49266.59765051623;1.4459996223449707
data/kroB200.tsp;8;cache_moves_algorithm;50105.46324775419;1.3980002403259277
data/kroB200.tsp;9;cache_moves_algorithm;54083.404319606234;0.9599997997283936
data/kroB200.tsp;10;cache_moves_algorithm;47115.057080122344;1.243999719619751
data/kroB200.tsp;11;cache_moves_algorithm;50685.10876548456;1.062999963760376
data/kroB200.tsp;12;cache_moves_algorithm;51541.561750009685;1.5029997825622559
data/kroB200.tsp;13;cache_moves_algorithm;50827.37387092742;1.6800000667572021
data/kroB200.tsp;14;cache_moves_algorithm;51740.292736106625;1.529998779296875
data/kroB200.tsp;15;cache_moves_algorithm;48185.21772881791;1.174004077911377
data/kroB200.tsp;16;cache_moves_algorithm;51846.612896032464;1.0869996547698975
data/kroB200.tsp;17;cache_moves_algorithm;51287.758206978906;0.9380006790161133
data/kroB200.tsp;18;cache_moves_algorithm;52109.88598363391;1.5250000953674316
data/kroB200.tsp;19;cache_moves_algorithm;52080.90702111709;1.1689999103546143
data/kroB200.tsp;20;cache_moves_algorithm;50772.55130513975;1.4599993228912354
data/kroB200.tsp;21;cache_moves_algorithm;53963.30583354237;1.021000623703003
data/kroB200.tsp;22;cache_moves_algorithm;51783.82869616283;1.090001106262207
data/kroB200.tsp;23;cache_moves_algorithm;49323.32179170933;1.1980011463165283
data/kroB200.tsp;24;cache_moves_algorithm;47526.40286401158;1.1369993686676025
data/kroB200.tsp;25;cache_moves_algorithm;48942.33187747495;1.2890000343322754
data/kroB200.tsp;26;cache_moves_algorithm;50689.55181855676;1.3260002136230469
data/kroB200.tsp;27;cache_moves_algorithm;49519.88192207615;1.5150010585784912
data/kroB200.tsp;28;cache_moves_algorithm;53489.61053590363;1.1080000400543213
data/kroB200.tsp;29;cache_moves_algorithm;47948.78273822097;1.5990002155303955
