length,common_edges,common_nodes,common_edges_mean,common_nodes_mean
39535.532600962324,0.55,0.55,0.47636,0.54034
39718.829180020075,0.535,0.55,0.47979999999999995,0.54353
39813.74935052066,0.585,0.59,0.46316999999999997,0.5406599999999999
39321.81293799494,0.555,0.6,0.476525,0.54455
38988.47801592205,0.545,0.52,0.488185,0.54149
39738.490295766795,0.545,0.51,0.462645,0.5413199999999999
38768.60814783789,0.61,0.51,0.487885,0.5375
37061.60688282372,0.605,0.55,0.5026349999999999,0.5424200000000001
38977.0756840746,0.545,0.57,0.486,0.54222
41168.85104350223,0.515,0.55,0.46448500000000004,0.5384699999999999
38943.185326239414,0.525,0.54,0.474545,0.5455099999999999
38929.60870692355,0.55,0.53,0.473655,0.539
39898.45171935224,0.54,0.54,0.46528499999999995,0.5393800000000001
38253.02610028765,0.56,0.52,0.48094,0.54196
40848.810140633956,0.52,0.51,0.456365,0.54096
39668.31299818625,0.585,0.53,0.47229999999999994,0.54441
37085.60047366281,0.57,0.53,0.493495,0.54453
40176.6861256846,0.59,0.51,0.481565,0.54339
37496.956059290635,0.565,0.56,0.48277499999999995,0.54066
38283.164668309575,0.58,0.54,0.4935,0.5414
39627.14902762971,0.575,0.59,0.48485500000000004,0.54218
39844.73429042575,0.545,0.53,0.47334000000000004,0.53799
40452.060999619236,0.535,0.58,0.46298500000000004,0.53914
39179.614422351515,0.56,0.54,0.47984000000000004,0.54176
38223.85471530667,0.56,0.51,0.47967000000000004,0.54106
37554.82519262961,0.535,0.55,0.485395,0.5455800000000001
38502.28044198047,0.57,0.61,0.47046499999999997,0.54013
39982.58455244373,0.51,0.54,0.462735,0.5402899999999999
40137.070799156856,0.53,0.53,0.45346499999999995,0.54293
39936.079436904125,0.53,0.57,0.48155000000000003,0.5430499999999999
38238.00451249503,0.555,0.56,0.48385500000000004,0.54031
37894.827685374796,0.53,0.51,0.47470500000000004,0.54227
39421.54774357932,0.555,0.51,0.47742999999999997,0.54198
38954.772851979775,0.635,0.53,0.487205,0.5395
39240.83420020511,0.525,0.51,0.469465,0.54177
37785.260899054,0.585,0.59,0.48252999999999996,0.5424200000000001
39280.9705484116,0.555,0.51,0.479195,0.54149
39607.6661292794,0.59,0.53,0.48436,0.53986
38446.64476441269,0.54,0.5,0.4693149999999999,0.54293
37671.78465303595,0.58,0.55,0.49475,0.54632
37803.22231252176,0.53,0.52,0.47964999999999997,0.5400699999999999
39545.76162324411,0.55,0.51,0.47933000000000003,0.54035
38648.8904818208,0.65,0.52,0.50137,0.5443300000000001
37903.698976420485,0.56,0.5,0.48551,0.54255
38065.275646879556,0.59,0.57,0.47351,0.54026
38599.56511960486,0.555,0.55,0.48279,0.5408099999999999
38763.61123204052,0.585,0.57,0.48540000000000005,0.54208
38942.143639392096,0.61,0.55,0.5141600000000001,0.54502
37525.953512115186,0.565,0.53,0.499905,0.5429
38161.558890159446,0.525,0.53,0.473345,0.5429299999999999
38231.1692736663,0.55,0.51,0.48418,0.5452100000000001
36949.21139904068,0.59,0.53,0.490385,0.54301
37541.28934698783,0.62,0.59,0.49439,0.5408099999999999
38740.55634243214,0.61,0.53,0.494225,0.54503
39479.44607543998,0.545,0.52,0.46962,0.5400799999999999
39896.16193881382,0.55,0.52,0.4714399999999999,0.5418999999999999
38914.67164102437,0.51,0.51,0.45926,0.5389100000000001
40941.784824029935,0.525,0.54,0.45777999999999996,0.53772
38344.443001600084,0.55,0.55,0.49221499999999996,0.53959
36963.22809659048,0.65,0.65,0.49485500000000004,0.5423300000000001
38516.4250574393,0.56,0.55,0.46914999999999996,0.5445399999999999
38113.12467162689,0.62,0.55,0.5016349999999999,0.54501
38425.25666043707,0.59,0.51,0.48839499999999997,0.54321
38614.21339024033,0.545,0.54,0.484915,0.54468
37815.36565343251,0.605,0.52,0.48460499999999995,0.54261
39135.14042291892,0.51,0.54,0.4674,0.54128
40593.19432942461,0.555,0.52,0.466,0.5393800000000001
38664.83587387756,0.57,0.52,0.49254999999999993,0.5423
40388.78984191028,0.565,0.58,0.45656,0.54156
38321.12478481671,0.585,0.52,0.49084500000000003,0.54308
37262.220924611596,0.585,0.59,0.500475,0.5455
38868.63329248605,0.605,0.51,0.485865,0.54282
39193.17886895452,0.53,0.52,0.468505,0.54038
39570.938236199945,0.56,0.52,0.491025,0.54416
40141.75763976503,0.545,0.55,0.47920999999999997,0.5432400000000001
38438.90564182392,0.55,0.57,0.477555,0.54204
39717.70294577521,0.495,0.51,0.46148500000000003,0.5401400000000001
36603.21353994773,0.61,0.61,0.50503,0.5438500000000001
39684.13436477734,0.52,0.59,0.46294500000000005,0.54072
38076.00300165473,0.525,0.59,0.47451,0.5423600000000002
38213.02814128759,0.595,0.55,0.491445,0.54111
36479.968100690596,0.54,0.58,0.48849000000000004,0.54459
40272.432539425354,0.52,0.52,0.46514,0.5413600000000001
39120.104064357554,0.565,0.61,0.476755,0.5429
39621.119462063194,0.49,0.55,0.44993,0.5406500000000001
37075.449316893464,0.57,0.52,0.499995,0.54255
37714.82345230032,0.59,0.57,0.463375,0.54347
38400.39249197944,0.56,0.53,0.483025,0.54149
38323.16557384777,0.535,0.52,0.49429,0.5425300000000001
39959.80547564382,0.515,0.53,0.47088,0.54323
38913.166356995,0.535,0.51,0.47417,0.54215
39588.910910981576,0.575,0.51,0.48008,0.5404200000000001
39198.94055134343,0.56,0.58,0.47343999999999997,0.54026
38779.68088839344,0.605,0.53,0.49508500000000005,0.5421800000000001
38510.35721096068,0.585,0.62,0.49373500000000003,0.54096
39016.3429211856,0.565,0.52,0.467745,0.54447
38951.7328265805,0.575,0.53,0.48036,0.5432100000000001
39581.96945173586,0.555,0.5,0.47152499999999997,0.53639
38544.942573110704,0.575,0.52,0.487595,0.54144
37258.12188937124,0.555,0.53,0.49318,0.53947
39547.019144638936,0.54,0.57,0.465435,0.53723
37599.61802695608,0.555,0.51,0.501155,0.54592
39887.75515121945,0.49,0.52,0.44653,0.53875
39586.05584960652,0.55,0.51,0.47041999999999995,0.5432400000000001
38945.9943928859,0.54,0.52,0.469585,0.542
38860.17103602935,0.5,0.51,0.478475,0.5423199999999999
38171.40771125533,0.605,0.58,0.487125,0.5392100000000001
38952.43154255842,0.545,0.54,0.46272499999999994,0.54271
38566.3229567631,0.585,0.55,0.48286,0.54128
38205.88426538579,0.6,0.54,0.47662,0.54264
39192.240417975896,0.555,0.53,0.47287,0.53989
37715.69551801316,0.615,0.6,0.489545,0.54537
38691.9766411261,0.595,0.56,0.49299,0.54067
38196.67374700001,0.525,0.54,0.46229000000000003,0.54007
38938.0629997498,0.595,0.64,0.46988,0.5423399999999999
40000.86122614969,0.495,0.51,0.454115,0.5398099999999999
37370.52409809377,0.565,0.54,0.492125,0.54455
38426.83406177211,0.54,0.52,0.48391,0.5428499999999999
39325.20160626662,0.53,0.54,0.475115,0.5421699999999999
38741.38241881004,0.54,0.53,0.47791999999999996,0.5448200000000001
38821.23297518653,0.535,0.52,0.46979,0.5414100000000001
38197.57491854424,0.6,0.6,0.496485,0.53913
40476.75100962821,0.57,0.53,0.47209999999999996,0.53935
38575.220741093835,0.545,0.54,0.46801,0.54233
39052.66953741442,0.58,0.56,0.488615,0.541
39325.39537712437,0.545,0.56,0.46984,0.5378
41960.77946696294,0.52,0.51,0.46058499999999997,0.5381699999999999
41021.40087627816,0.51,0.52,0.46932999999999997,0.54031
37748.76283895053,0.54,0.51,0.487905,0.54534
37048.23320383478,0.645,0.59,0.49992999999999993,0.54501
37195.106067796325,0.615,0.58,0.503395,0.54395
41271.56725022949,0.52,0.51,0.46138,0.53914
38886.05188361558,0.51,0.6,0.4703,0.54274
39735.21200796152,0.58,0.66,0.48028499999999996,0.542
39410.10569469992,0.545,0.55,0.45931999999999995,0.54123
38089.398423771316,0.57,0.56,0.4948,0.5413000000000001
39025.50180327622,0.52,0.53,0.45510500000000004,0.54182
39422.854235635095,0.555,0.52,0.4606,0.53773
40744.27304192948,0.575,0.56,0.46953999999999996,0.53915
37909.673355781175,0.55,0.6,0.48585,0.54055
39531.624465515466,0.56,0.6,0.476635,0.54449
38428.63688888742,0.555,0.55,0.48866,0.5448999999999999
38577.75428716876,0.535,0.58,0.48694500000000007,0.54382
38588.018060226175,0.57,0.51,0.47148,0.5399200000000001
42553.43519872345,0.49,0.54,0.43932000000000004,0.5371900000000001
37268.78978053696,0.62,0.58,0.49665,0.5414599999999999
39079.8577925705,0.52,0.59,0.45862,0.54053
37859.18028304728,0.58,0.53,0.49954000000000004,0.5431800000000001
38939.05794593843,0.595,0.51,0.49691499999999994,0.54267
39374.81644667815,0.57,0.5,0.470005,0.53862
37414.68954037728,0.6,0.5,0.497555,0.54325
38519.84730199103,0.575,0.6,0.49100499999999997,0.5473399999999999
39719.12750864841,0.57,0.57,0.47978,0.5412600000000001
38259.10964588051,0.61,0.6,0.490775,0.54075
38463.062832346724,0.61,0.59,0.47978999999999994,0.5377900000000001
38628.5605794241,0.575,0.56,0.487505,0.54179
38896.273750811175,0.595,0.58,0.46396,0.54404
36917.57595840312,0.6,0.63,0.504565,0.5473899999999999
36850.6938812957,0.66,0.65,0.50401,0.5460799999999999
39332.095818301335,0.565,0.56,0.47773000000000004,0.5420799999999999
37587.91572092868,0.595,0.55,0.49741499999999994,0.5405999999999999
38756.995469486166,0.55,0.56,0.47574500000000003,0.54187
37461.74209279314,0.57,0.57,0.494675,0.54725
38571.19529370009,0.55,0.59,0.472855,0.54358
39198.3956937528,0.57,0.51,0.48144,0.54439
38832.17520305925,0.605,0.6,0.504255,0.5425
39991.08888538288,0.54,0.51,0.46361,0.54357
38932.78345162954,0.59,0.53,0.48166999999999993,0.5412100000000001
38578.860739180585,0.505,0.54,0.47594,0.5440999999999999
40091.055267709264,0.555,0.54,0.471675,0.54086
39521.93553451004,0.49,0.56,0.45703,0.5418
38409.50789253153,0.53,0.56,0.48308499999999993,0.54396
38133.144891783864,0.58,0.61,0.48907000000000006,0.5403000000000001
40272.07381060769,0.525,0.52,0.48220500000000005,0.54303
39434.14657000477,0.555,0.57,0.484035,0.5435099999999999
37951.79298982055,0.62,0.61,0.49701999999999996,0.54077
40219.88304663022,0.56,0.5,0.4748649999999999,0.5378499999999999
40220.81708455547,0.505,0.57,0.47473000000000004,0.54496
39207.81353199671,0.545,0.52,0.46086,0.54328
38205.94485076309,0.555,0.57,0.489935,0.54159
39877.289218502716,0.49,0.54,0.46271999999999996,0.53652
38371.23977655601,0.6,0.55,0.47667999999999994,0.5407799999999999
40881.03878753784,0.505,0.5,0.466775,0.54416
39053.51403818425,0.545,0.56,0.46168999999999993,0.5408499999999999
36954.37089471935,0.595,0.54,0.486955,0.54411
39438.418417658904,0.555,0.54,0.47709,0.5425800000000001
40301.13483477187,0.54,0.5,0.468965,0.54049
37596.294547946905,0.56,0.61,0.48701,0.54341
38886.82395756943,0.59,0.62,0.48799000000000003,0.5433
39674.68295304772,0.555,0.51,0.47178499999999995,0.5414100000000001
38085.89678881774,0.53,0.57,0.48497999999999997,0.54453
39784.021322779634,0.595,0.54,0.48247500000000004,0.5418999999999999
38483.0782684793,0.54,0.56,0.4915,0.5395599999999999
38679.98613638946,0.575,0.54,0.47842999999999997,0.5414699999999999
39283.06010116465,0.575,0.52,0.48299000000000003,0.54405
37782.068059915764,0.58,0.63,0.48460000000000003,0.54509
37952.10676136362,0.615,0.56,0.48235500000000003,0.54502
38340.053983347636,0.555,0.51,0.49717500000000003,0.54359
39927.14677557026,0.6,0.63,0.46366999999999997,0.54401
40375.06842943232,0.545,0.61,0.469065,0.54274
38666.357249371315,0.6,0.62,0.49556500000000003,0.54432
39026.36894299911,0.55,0.51,0.458335,0.5408399999999999
40676.78751916946,0.565,0.54,0.47731,0.54162
38151.53208336032,0.61,0.51,0.47846500000000003,0.5413600000000001
37423.3901907105,0.575,0.54,0.4886750000000001,0.545
38400.1691846005,0.55,0.59,0.46894499999999995,0.5424500000000001
40009.36486821558,0.555,0.52,0.48221,0.54135
40033.77846068108,0.505,0.52,0.463715,0.54277
38923.799168299825,0.56,0.52,0.484235,0.54099
36323.72315898779,0.61,0.55,0.50478,0.5448
36956.88053154723,0.61,0.51,0.5042800000000001,0.54174
38743.568275777885,0.59,0.52,0.46832,0.54
41650.5356284524,0.505,0.5,0.431925,0.5377799999999999
38566.292285599004,0.51,0.55,0.473645,0.54226
38167.376442750225,0.575,0.5,0.48739499999999997,0.5399499999999999
38427.71359275041,0.57,0.54,0.47403500000000004,0.5403799999999999
38175.11656612773,0.575,0.54,0.49117500000000003,0.5436099999999999
39444.754006439645,0.575,0.62,0.48027499999999995,0.5444300000000001
38300.77304437716,0.55,0.54,0.47791500000000003,0.5421200000000002
38671.68730500754,0.585,0.56,0.49053499999999994,0.54402
38798.11696271262,0.555,0.55,0.484075,0.54187
37935.596459040804,0.56,0.5,0.503425,0.5452899999999999
38459.47442517821,0.575,0.52,0.49931500000000006,0.54347
37970.250032795215,0.575,0.56,0.48429500000000003,0.54341
39612.900514208915,0.54,0.54,0.46307500000000007,0.5408499999999999
37273.42711068787,0.58,0.62,0.496405,0.5454600000000001
39468.840630403574,0.525,0.53,0.481735,0.54175
40071.040674980744,0.51,0.55,0.439475,0.5391900000000001
36504.99661450157,0.565,0.55,0.502905,0.5453300000000001
37218.90509469817,0.585,0.55,0.4915,0.54246
38555.629264962525,0.555,0.59,0.471585,0.5421200000000002
40300.54828694336,0.53,0.56,0.47620500000000004,0.54141
37781.629000228684,0.555,0.51,0.47421500000000005,0.54208
37586.640684829224,0.535,0.52,0.48741999999999996,0.54093
35372.79727404262,0.63,0.59,0.511775,0.54961
39651.47523233018,0.52,0.54,0.457465,0.54085
35765.582253825574,0.61,0.54,0.5088250000000001,0.54823
41993.376042482196,0.46,0.53,0.44242,0.53686
38125.641328779064,0.535,0.52,0.478735,0.5421800000000001
38320.05286865298,0.59,0.51,0.49093499999999995,0.5418499999999999
37924.97208519142,0.575,0.53,0.484765,0.54287
39208.35201954511,0.565,0.5,0.47499,0.53972
39987.52264928643,0.545,0.54,0.462645,0.5388
38547.79950754709,0.585,0.54,0.490765,0.541
39947.790677701436,0.51,0.54,0.45557,0.53815
39890.560146808915,0.55,0.61,0.47146000000000005,0.5401
38652.26089879874,0.535,0.53,0.47230500000000003,0.54178
39681.8108826839,0.545,0.55,0.46891,0.53961
38440.666294759256,0.575,0.51,0.47807,0.54398
38369.331377662864,0.555,0.57,0.485575,0.53987
38321.20839153879,0.57,0.53,0.48419500000000004,0.54302
38947.265739308656,0.525,0.59,0.46979000000000004,0.5437000000000001
38449.563509503205,0.565,0.6,0.48189499999999996,0.54125
38446.693766820266,0.555,0.55,0.48693,0.54571
38887.84573340234,0.6,0.51,0.48533000000000004,0.5431900000000001
40110.96316045405,0.53,0.5,0.45507500000000006,0.5399400000000001
41325.658118406725,0.51,0.57,0.45223,0.5389700000000001
38223.94054330334,0.615,0.52,0.49382,0.53873
39801.74162440082,0.545,0.61,0.46272499999999994,0.53775
39182.59105808925,0.625,0.54,0.49845,0.54079
39867.19401477121,0.56,0.58,0.467955,0.54191
38767.4454318785,0.545,0.56,0.48321000000000003,0.54114
36767.284307515474,0.605,0.58,0.5130450000000001,0.5415599999999999
38158.74611963799,0.605,0.54,0.493905,0.54266
36888.92755545367,0.615,0.56,0.50884,0.54608
40310.5667539399,0.575,0.52,0.46676999999999996,0.54453
39447.069587655715,0.6,0.51,0.483215,0.5407799999999999
39295.036875095786,0.53,0.52,0.46571999999999997,0.5379400000000001
37622.89087532056,0.605,0.58,0.49827499999999997,0.5456700000000001
40993.491577720095,0.52,0.53,0.46448,0.54126
38331.42024215525,0.56,0.53,0.482565,0.5403199999999999
38402.32619821301,0.58,0.52,0.497685,0.5433399999999999
37690.23340603435,0.57,0.51,0.485375,0.54128
37698.13082616597,0.62,0.53,0.48678000000000005,0.54257
38684.116890353645,0.55,0.51,0.47524,0.5391399999999998
40379.285484021355,0.53,0.53,0.45903499999999997,0.5409200000000001
38666.677823493286,0.59,0.56,0.47820000000000007,0.54022
40438.07526362577,0.525,0.52,0.465395,0.54163
36894.98985015489,0.61,0.55,0.5181549999999999,0.54258
38218.46420600094,0.575,0.57,0.485805,0.54174
39608.74062712191,0.565,0.56,0.46109500000000003,0.54146
40572.27575020635,0.525,0.54,0.46425,0.5418099999999999
38206.093040788284,0.58,0.53,0.493065,0.5384200000000001
39687.356380540434,0.495,0.62,0.461535,0.53923
36899.27813694988,0.59,0.56,0.511165,0.54428
37352.48721534464,0.59,0.52,0.49995500000000004,0.54384
39053.078150236586,0.535,0.54,0.4879,0.5413600000000001
38250.76765889333,0.595,0.51,0.497935,0.5426000000000001
38481.062065032005,0.58,0.58,0.495425,0.54388
38473.78272396285,0.54,0.52,0.480365,0.5411099999999999
38279.553089370565,0.53,0.57,0.48415,0.5424800000000001
38756.601684802576,0.55,0.62,0.472095,0.54249
40213.91295109291,0.535,0.57,0.468825,0.53772
40468.68562904585,0.515,0.56,0.470775,0.541
39070.354331919574,0.55,0.5,0.47046499999999997,0.54155
40005.67863528615,0.545,0.56,0.470725,0.54024
38227.903066391744,0.585,0.59,0.47985,0.54173
38613.122044121,0.53,0.5,0.477625,0.5423800000000001
36383.75557530148,0.62,0.55,0.50573,0.5483199999999999
39680.954750247976,0.555,0.55,0.46698500000000004,0.5390699999999999
38498.02702630345,0.64,0.53,0.5031749999999999,0.5457799999999999
39363.26727812052,0.585,0.51,0.471685,0.53999
40347.238903696154,0.51,0.54,0.44533500000000004,0.5404300000000001
38961.737211266955,0.57,0.55,0.47893,0.54135
39155.68016058052,0.57,0.53,0.490095,0.54215
38089.84071085484,0.625,0.55,0.50237,0.54517
40133.430039769286,0.52,0.61,0.46798500000000004,0.5417799999999999
37501.004725248786,0.58,0.58,0.497755,0.5428999999999999
40370.92662486878,0.535,0.56,0.46571999999999997,0.54196
38911.74881997045,0.615,0.55,0.48334499999999997,0.54343
36563.014175238015,0.615,0.61,0.52058,0.54341
38478.2204334991,0.565,0.5,0.48241999999999996,0.54058
39418.550540589014,0.56,0.58,0.483885,0.53898
38877.74408698348,0.525,0.55,0.47301,0.5443499999999999
38482.694032386484,0.575,0.51,0.47417499999999996,0.5414200000000001
39297.99644379448,0.555,0.55,0.46254999999999996,0.54068
37942.05316946846,0.58,0.52,0.49231500000000006,0.53826
39705.11558535868,0.535,0.54,0.46588,0.5426
39301.382351470835,0.545,0.51,0.484015,0.54185
38403.5676762437,0.56,0.51,0.48927499999999996,0.54447
35983.25968454116,0.615,0.57,0.520465,0.5454600000000001
37924.7822562502,0.615,0.51,0.49591499999999994,0.5435899999999999
38584.537201722866,0.565,0.53,0.493225,0.54702
39418.48047318676,0.56,0.52,0.48966999999999994,0.54326
38819.61741046386,0.555,0.54,0.48535500000000004,0.53993
37014.08782206246,0.575,0.55,0.491035,0.54313
39451.848642071935,0.54,0.63,0.45929999999999993,0.53987
38925.93957689327,0.57,0.58,0.48018,0.5405999999999999
39057.06801065868,0.555,0.52,0.47684999999999994,0.54402
35537.60411751845,0.69,0.57,0.5065500000000001,0.5432400000000001
37087.20869305082,0.565,0.51,0.48648,0.54556
38812.90814337958,0.525,0.52,0.47026,0.5425599999999999
38123.85623008458,0.54,0.51,0.48234,0.5445599999999999
38656.4411982321,0.525,0.54,0.469745,0.5402899999999999
39136.32821176355,0.61,0.51,0.486665,0.54198
37900.554312607346,0.575,0.59,0.49638,0.54376
36625.11223370392,0.565,0.56,0.49643499999999996,0.54348
39101.54883544201,0.595,0.58,0.48287,0.53925
37705.174809097276,0.615,0.51,0.510725,0.54885
38529.35892998196,0.56,0.52,0.4756949999999999,0.54541
39146.49906320665,0.545,0.5,0.47439499999999996,0.5414800000000001
38920.87132931815,0.56,0.52,0.493595,0.54803
39456.2783393706,0.6,0.52,0.48070999999999997,0.5408599999999999
37928.4292185145,0.58,0.6,0.48686,0.54502
39255.16487925517,0.52,0.5,0.47576999999999997,0.5444100000000001
37604.90112342778,0.595,0.59,0.5005350000000001,0.54274
38880.4260358434,0.635,0.55,0.48398499999999994,0.54125
39052.107781922554,0.57,0.63,0.46447,0.54317
38634.92406839966,0.545,0.52,0.46025,0.54634
38288.24643193721,0.56,0.6,0.47903999999999997,0.5482899999999999
37229.272431878664,0.565,0.53,0.495645,0.5430900000000001
36740.032604539825,0.615,0.58,0.51176,0.5482400000000001
38944.26736396317,0.555,0.56,0.4784399999999999,0.5399700000000001
39628.486597970776,0.57,0.57,0.48114999999999997,0.5396799999999999
39176.44886419407,0.585,0.55,0.47675,0.54037
38578.713990583696,0.56,0.54,0.473,0.54233
38847.97805963688,0.56,0.5,0.48243500000000006,0.54225
40526.37703113769,0.54,0.53,0.466685,0.54142
38473.60486961899,0.615,0.5,0.48729,0.5450499999999999
39207.78621313112,0.55,0.5,0.468855,0.5416199999999999
37922.691108087965,0.58,0.57,0.491865,0.5456599999999999
39341.48629689576,0.575,0.51,0.484485,0.5403399999999999
37748.54515614602,0.56,0.56,0.49590999999999996,0.54051
39213.49039731437,0.54,0.54,0.464225,0.5413600000000002
38826.600577949735,0.555,0.61,0.47379,0.53849
40313.53233599261,0.56,0.53,0.470035,0.54079
39373.9746778499,0.535,0.59,0.477705,0.54377
39077.71424605632,0.565,0.58,0.48162,0.54111
38351.15710317192,0.585,0.51,0.49759000000000003,0.5412899999999999
37838.186976282785,0.615,0.62,0.48960000000000004,0.54431
37673.991301550515,0.585,0.6,0.494905,0.5386500000000001
38594.69557434984,0.535,0.52,0.48169000000000006,0.5460600000000001
39001.3018288015,0.56,0.5,0.48233499999999996,0.5434399999999999
36448.42930042173,0.625,0.56,0.512775,0.5459400000000001
37943.86133196961,0.57,0.51,0.505785,0.5458800000000001
40580.356436978334,0.535,0.56,0.44827,0.53752
39356.185761424575,0.61,0.56,0.48194,0.54198
39845.40135724886,0.585,0.52,0.47601499999999997,0.54237
38001.08293406517,0.58,0.53,0.47759500000000005,0.5403600000000002
38071.13057797924,0.62,0.58,0.49494499999999997,0.54262
39368.92498564981,0.57,0.55,0.47326999999999997,0.5412899999999999
36712.4811715145,0.57,0.53,0.490035,0.54195
37304.60665715479,0.61,0.52,0.494285,0.54082
37844.57343657376,0.6,0.59,0.49613999999999997,0.5425
38866.08508867484,0.525,0.54,0.46483500000000005,0.5404
36556.06003315367,0.595,0.5,0.509595,0.5454199999999999
39010.11162959154,0.535,0.53,0.484785,0.53972
37833.51938478062,0.565,0.51,0.48930499999999993,0.5411900000000001
38417.68436323997,0.625,0.58,0.48385500000000004,0.54036
42040.92205881625,0.495,0.53,0.452155,0.53848
38876.07856112229,0.53,0.53,0.47920999999999997,0.5446700000000001
38261.615485015354,0.6,0.51,0.47156,0.5420699999999999
38774.00222700299,0.535,0.55,0.47422,0.5419700000000001
38120.2514969151,0.565,0.51,0.491835,0.54051
38446.981446449485,0.545,0.54,0.477485,0.54146
37388.34552633011,0.655,0.57,0.50704,0.54313
40389.704331974324,0.55,0.52,0.45835000000000004,0.54103
40103.53995657744,0.53,0.5,0.453365,0.5371699999999999
38650.38251071798,0.52,0.5,0.47655000000000003,0.5425699999999999
38778.39139140342,0.55,0.51,0.47099,0.54361
39339.58040377997,0.515,0.54,0.47481,0.54349
37784.59230535704,0.565,0.58,0.493545,0.54603
39953.32077390778,0.495,0.51,0.464045,0.54106
38398.67787800381,0.56,0.57,0.482245,0.54514
39218.349742952254,0.545,0.51,0.479645,0.53968
38292.756783849865,0.545,0.51,0.4750599999999999,0.5433100000000001
39773.55434512667,0.56,0.5,0.46174,0.5380699999999999
38811.46651465006,0.555,0.53,0.47555000000000003,0.54461
36969.19783875348,0.605,0.51,0.508155,0.5416700000000001
41025.37990639273,0.515,0.59,0.45903499999999997,0.5412
36631.022703806266,0.62,0.54,0.479715,0.54499
38895.63627295316,0.56,0.59,0.48222,0.54382
38820.60090562134,0.515,0.51,0.47547999999999996,0.54053
38552.746652720176,0.545,0.58,0.48609500000000005,0.54347
39376.97744960665,0.57,0.52,0.46795500000000007,0.54353
39414.08480069434,0.545,0.51,0.473185,0.54226
40306.953858127396,0.565,0.64,0.46776999999999996,0.5411900000000001
39034.141305295576,0.61,0.55,0.47609,0.54449
39142.743829875704,0.535,0.5,0.45485000000000003,0.54061
38338.55729474725,0.53,0.51,0.47425,0.5458
37877.559840568196,0.56,0.55,0.48901,0.5460799999999999
38973.59257948382,0.58,0.52,0.482675,0.53861
38686.93223349762,0.575,0.51,0.48156499999999997,0.54064
38233.9589868333,0.56,0.52,0.49354999999999993,0.5418
38654.10150479906,0.58,0.53,0.49333499999999997,0.5462
39718.033330607446,0.55,0.58,0.46807499999999996,0.54035
40660.06851908828,0.58,0.53,0.466215,0.5414800000000001
38486.60776842733,0.53,0.51,0.47092999999999996,0.54047
38984.64506889273,0.56,0.62,0.46157500000000007,0.54071
39143.72505030306,0.53,0.51,0.47262,0.54142
38341.515983575126,0.51,0.53,0.471815,0.5437000000000001
41927.263858018734,0.52,0.51,0.44876,0.5463399999999999
38366.37835128886,0.595,0.51,0.48673,0.5399200000000001
40908.13625903918,0.505,0.59,0.459625,0.5450799999999999
40619.087814852726,0.59,0.51,0.47868,0.54204
38000.679965459145,0.605,0.56,0.49523,0.54386
38789.284710467575,0.535,0.54,0.477785,0.54399
38270.804370230675,0.61,0.6,0.49491499999999994,0.54627
41013.1461587838,0.57,0.56,0.47761000000000003,0.5401800000000001
39859.52975367963,0.565,0.52,0.46272499999999994,0.53931
41406.91486905802,0.525,0.53,0.452855,0.5397799999999999
38289.06766053727,0.575,0.51,0.471145,0.54074
39930.17591489971,0.515,0.64,0.4625,0.54115
37537.427176165285,0.555,0.57,0.48079500000000003,0.54364
38821.51595426421,0.57,0.54,0.48309,0.5396700000000001
38713.538201836825,0.535,0.56,0.473525,0.5428999999999999
37547.82534099582,0.59,0.55,0.5020749999999999,0.5451500000000001
37607.539185158246,0.615,0.54,0.49574,0.54195
37566.86844296484,0.555,0.6,0.47067000000000003,0.5453600000000001
38056.189591791,0.61,0.51,0.47898,0.54115
37220.64769407149,0.6,0.54,0.485605,0.54335
36417.24822912429,0.595,0.51,0.5047849999999999,0.5429700000000001
39277.00244063066,0.525,0.51,0.47668,0.54238
37959.122276227805,0.61,0.51,0.50083,0.5458800000000001
37387.84093658511,0.585,0.54,0.50389,0.54272
38423.72623006452,0.625,0.58,0.495615,0.5432200000000001
39127.92903330902,0.58,0.54,0.48241,0.5415400000000001
39096.09305324663,0.54,0.54,0.454505,0.5383799999999999
38900.34103077717,0.58,0.52,0.47152000000000005,0.54313
40160.93717732669,0.52,0.54,0.46704500000000004,0.53846
39122.268269293505,0.605,0.56,0.49335,0.54112
40807.091865004484,0.575,0.52,0.48009999999999997,0.54246
39975.611604639955,0.565,0.52,0.48425,0.5426500000000001
39139.9381738556,0.52,0.56,0.46536500000000003,0.54224
38980.32670964012,0.52,0.58,0.45542999999999995,0.5404500000000001
40200.29070375936,0.57,0.53,0.49503499999999995,0.53869
39835.52382084875,0.585,0.56,0.47196000000000005,0.53961
37542.35095294964,0.56,0.5,0.49239499999999997,0.54244
39242.46680013726,0.58,0.51,0.462405,0.53966
39088.44830646547,0.59,0.52,0.49022000000000004,0.53996
36342.01385555301,0.605,0.52,0.49821499999999996,0.54423
38280.68911937444,0.54,0.51,0.47436500000000004,0.54077
38704.52868183181,0.535,0.57,0.48020999999999997,0.5437799999999999
39052.763416499445,0.595,0.6,0.485115,0.5437000000000001
40837.540761088385,0.535,0.55,0.45469500000000007,0.54115
40436.7866963689,0.56,0.55,0.48521499999999995,0.54277
39871.71392207695,0.59,0.56,0.471805,0.53852
38680.620476460055,0.59,0.53,0.482245,0.5419
39355.19544111033,0.55,0.53,0.4554,0.5400999999999999
38962.907463337426,0.565,0.55,0.4671,0.54398
38179.13433116178,0.57,0.51,0.48498,0.54158
38377.132006305415,0.565,0.51,0.490945,0.54398
39808.69420576077,0.56,0.51,0.47937,0.5400499999999999
37963.04393988165,0.575,0.57,0.49305,0.5479
39986.53190207296,0.63,0.58,0.49200499999999997,0.5394100000000001
39338.5273101523,0.605,0.58,0.47914999999999996,0.54141
37698.72888223021,0.625,0.61,0.49425,0.54211
41167.18238044595,0.535,0.57,0.46533,0.5398200000000001
39082.29433909677,0.61,0.52,0.491135,0.5432400000000001
38510.350225782284,0.61,0.61,0.491275,0.54064
39613.33262789469,0.54,0.54,0.46463499999999996,0.5385
40296.76657232914,0.52,0.53,0.469855,0.54295
39897.162800656886,0.575,0.5,0.473775,0.54071
39083.42790144208,0.55,0.52,0.46517499999999995,0.54094
37284.320060371,0.58,0.56,0.507,0.5445399999999999
38791.167715266536,0.595,0.51,0.48258500000000004,0.54052
37260.09046866055,0.565,0.56,0.481625,0.54381
38649.181122842885,0.565,0.5,0.481875,0.5398
41032.599489196815,0.535,0.54,0.45922,0.5392899999999999
37468.07083311904,0.565,0.54,0.5048100000000001,0.5455699999999999
37939.691314994576,0.565,0.52,0.487865,0.54307
39279.90520489654,0.51,0.51,0.449815,0.54071
39383.42715169705,0.575,0.5,0.48497,0.54067
38449.45084988499,0.565,0.56,0.47841999999999996,0.54261
39005.44969737099,0.575,0.52,0.46987,0.5403799999999999
40708.61814060322,0.52,0.53,0.452275,0.5393600000000001
40763.06631026942,0.52,0.5,0.464795,0.53914
40943.768334958535,0.455,0.57,0.440955,0.5386799999999999
39368.9731188119,0.615,0.5,0.49744499999999997,0.5408000000000001
39659.43660297225,0.53,0.53,0.4732,0.53966
40263.76072857938,0.525,0.52,0.47030500000000003,0.5421600000000001
37623.849932151614,0.575,0.59,0.478595,0.5431199999999999
39340.02196431988,0.575,0.54,0.494625,0.54239
40119.16479223334,0.485,0.53,0.45018,0.5425399999999999
37398.55549533147,0.555,0.55,0.483835,0.54359
40360.700447087016,0.505,0.5,0.44995500000000005,0.54184
40120.554322217664,0.57,0.53,0.48306999999999994,0.5379400000000001
40249.78998744767,0.535,0.53,0.46564,0.5443699999999999
36126.20307302076,0.625,0.52,0.510475,0.54877
39315.60181688098,0.56,0.53,0.475,0.5433600000000001
37079.26703014651,0.615,0.51,0.50115,0.54477
40505.1395309493,0.575,0.51,0.46280000000000004,0.53926
40247.8587541033,0.51,0.55,0.4646799999999999,0.5388
39388.43311769703,0.585,0.51,0.478305,0.54164
38198.50692364064,0.535,0.52,0.47547500000000004,0.53953
39671.34955934904,0.58,0.57,0.4679,0.54106
36965.918796504804,0.625,0.6,0.5151399999999999,0.54475
39181.7910258098,0.495,0.6,0.454835,0.5425699999999999
39089.91669832732,0.535,0.59,0.46681,0.5438099999999999
38461.013582387226,0.61,0.55,0.48077,0.5414
39754.239938111146,0.54,0.53,0.45548500000000003,0.54507
39665.43925593194,0.57,0.56,0.474935,0.54223
38952.08511801788,0.5,0.51,0.46709500000000004,0.54101
39323.24970646478,0.56,0.53,0.46619499999999997,0.54171
37950.18023450619,0.57,0.52,0.497695,0.5404200000000001
38798.13310339414,0.58,0.55,0.49607500000000004,0.54188
37979.82265310014,0.57,0.54,0.4749399999999999,0.5419
39241.96133718087,0.57,0.5,0.46595500000000006,0.541
37322.11939508801,0.605,0.57,0.49642,0.5401699999999999
37899.34607118435,0.605,0.6,0.48753499999999994,0.54043
37820.430593708166,0.585,0.54,0.487705,0.53977
40744.33768442647,0.47,0.51,0.450925,0.53622
39434.39616616815,0.565,0.51,0.47751,0.5462400000000001
39729.005587956446,0.53,0.53,0.45433,0.5404800000000001
38549.68040144069,0.59,0.51,0.48448,0.54108
37239.00853721524,0.61,0.56,0.49079,0.5444300000000001
37698.9674040417,0.565,0.57,0.47044,0.54044
39360.363282808394,0.53,0.53,0.46592999999999996,0.54098
39342.96125192965,0.58,0.52,0.46053,0.53993
41425.83231691359,0.52,0.52,0.464345,0.5430699999999999
38901.86314178916,0.56,0.54,0.477535,0.5409
39524.88567672491,0.51,0.52,0.46457500000000007,0.5403800000000001
38341.97240711469,0.56,0.55,0.47531,0.5458599999999999
38318.10923314151,0.57,0.52,0.46264,0.53879
40513.11951482182,0.5,0.53,0.44984,0.54012
37972.87181281032,0.575,0.59,0.49462,0.54333
40654.94238979099,0.57,0.54,0.47447500000000004,0.54361
40072.857637519744,0.59,0.61,0.4784,0.54338
38832.932328628944,0.605,0.56,0.505205,0.5449200000000001
40399.27676567917,0.51,0.51,0.46049,0.54068
39795.435036076145,0.53,0.64,0.460385,0.54072
38053.24250394793,0.545,0.55,0.47774500000000003,0.5412
39575.40974650267,0.515,0.52,0.46826,0.54114
35642.68761012702,0.565,0.61,0.495995,0.545
39456.30988962372,0.57,0.57,0.48356,0.5423
39265.82170263227,0.545,0.56,0.480245,0.54
39257.29485448556,0.57,0.54,0.48584,0.5420799999999999
40080.13645350095,0.56,0.51,0.47547,0.53752
39340.35604042161,0.555,0.53,0.477635,0.5447000000000001
36695.121014882076,0.555,0.57,0.4795,0.5454199999999999
39563.903048644206,0.545,0.53,0.465345,0.54243
38438.36228844506,0.57,0.53,0.481345,0.54163
38138.66921828153,0.625,0.68,0.49223,0.54526
37117.42475428159,0.59,0.57,0.505595,0.54502
39508.389044918586,0.58,0.51,0.48463999999999996,0.54065
40008.64532332192,0.525,0.54,0.45449,0.5376000000000001
36476.716485387966,0.64,0.54,0.5169900000000001,0.54502
39328.20929850108,0.595,0.56,0.47226,0.5402100000000001
39556.70038187613,0.6,0.51,0.45903999999999995,0.5443000000000001
37583.022320645556,0.635,0.56,0.504475,0.54231
39115.98180209495,0.545,0.53,0.46253500000000003,0.5428599999999999
37819.02626272435,0.57,0.55,0.48987,0.5417000000000001
37915.51381985468,0.54,0.57,0.47681999999999997,0.5425500000000001
41219.149327127794,0.545,0.52,0.44777999999999996,0.54058
38855.62955184093,0.52,0.55,0.47071,0.54195
39216.169557080575,0.555,0.56,0.459365,0.5418399999999999
36995.03828494367,0.55,0.6,0.4879,0.5450900000000001
39292.315239467745,0.53,0.57,0.464495,0.54256
40581.06776764513,0.53,0.54,0.45455,0.5406199999999999
38939.117098100636,0.58,0.54,0.47544,0.53761
39432.741500869735,0.565,0.53,0.47890499999999997,0.5439100000000001
39373.76186876631,0.52,0.59,0.46509000000000006,0.54347
39336.77876692268,0.565,0.53,0.4798,0.54074
38572.077222082815,0.57,0.62,0.49446500000000004,0.54023
41028.30164020369,0.55,0.55,0.46432999999999996,0.54149
39632.23673785757,0.57,0.51,0.48152999999999996,0.54017
38508.92503185282,0.57,0.57,0.49388,0.54058
39951.398043631154,0.615,0.51,0.47928999999999994,0.5415399999999999
37747.04927487415,0.615,0.5,0.4918,0.54126
37552.14419518829,0.62,0.53,0.49173,0.5415699999999999
37585.89021830251,0.6,0.52,0.492455,0.54163
39770.945557783896,0.525,0.5,0.464145,0.5390499999999999
39068.19421157614,0.58,0.57,0.48416000000000003,0.53962
39013.95959370845,0.59,0.55,0.48234000000000005,0.54404
39239.66242493059,0.58,0.57,0.48366499999999996,0.53776
38173.51560676446,0.575,0.56,0.498205,0.54561
38214.59332291336,0.55,0.59,0.485385,0.54487
38053.0792549311,0.545,0.6,0.47844,0.54036
41561.85976601372,0.505,0.55,0.462875,0.54528
38641.77032387722,0.58,0.5,0.47557499999999997,0.5419100000000001
38592.84879228537,0.59,0.55,0.477305,0.53892
38491.75440125985,0.605,0.54,0.5047,0.5452400000000001
39186.136618632416,0.585,0.5,0.48267000000000004,0.53806
38711.45762280147,0.515,0.61,0.478795,0.54234
36643.596900721124,0.595,0.52,0.49518499999999993,0.54237
38254.573034224275,0.58,0.55,0.492725,0.5428200000000001
38979.64004269926,0.61,0.51,0.49619,0.54327
39522.63268794498,0.575,0.51,0.4590699999999999,0.54268
40591.009219644366,0.58,0.55,0.46586,0.54068
40178.93802400263,0.54,0.53,0.46909500000000004,0.5431800000000001
37341.18710570881,0.545,0.55,0.48976,0.54262
38735.70148150351,0.55,0.53,0.4785650000000001,0.54288
39521.479849079726,0.54,0.52,0.46734499999999995,0.5384500000000001
39503.49570955979,0.545,0.58,0.48061000000000004,0.54104
38909.45167838868,0.57,0.53,0.4723,0.54073
37606.43522527394,0.605,0.52,0.49106,0.5438
41056.89571468463,0.49,0.56,0.45152,0.54171
38095.53455950043,0.52,0.53,0.479375,0.54272
38408.789392897714,0.55,0.55,0.46453,0.54233
39264.491018747955,0.565,0.52,0.47146000000000005,0.5410499999999999
38285.6919889696,0.575,0.52,0.48228,0.5411800000000001
37965.57221324812,0.525,0.51,0.48402999999999996,0.5448099999999999
36265.56976206186,0.625,0.53,0.51147,0.5419700000000001
40889.1588272619,0.545,0.53,0.47463,0.5393100000000001
42495.5690518036,0.51,0.59,0.421945,0.5394
40559.88592432302,0.555,0.52,0.48141999999999996,0.5402100000000001
38323.85687068438,0.585,0.54,0.49126,0.5432100000000001
38790.85215371025,0.6,0.54,0.486335,0.5427799999999999
40241.42896389271,0.495,0.53,0.448,0.53912
38048.58851641323,0.6,0.58,0.48285500000000003,0.5411200000000002
40017.102887546534,0.56,0.52,0.48140499999999997,0.54126
38672.633368039504,0.58,0.59,0.492495,0.5429400000000001
39591.700865259794,0.575,0.52,0.48602500000000004,0.54038
40673.4833298403,0.515,0.58,0.43998000000000004,0.53919
38963.97403346835,0.58,0.58,0.48304,0.5447000000000001
39660.50445689543,0.625,0.62,0.47964,0.5394599999999999
37593.11452740571,0.535,0.51,0.47127500000000005,0.5420799999999999
37203.54923859871,0.59,0.56,0.48630999999999996,0.5436799999999999
39947.49774393419,0.565,0.53,0.474065,0.54025
40101.963534530936,0.58,0.53,0.478765,0.54412
38860.4095692971,0.56,0.6,0.476105,0.5410499999999999
38920.47554495753,0.545,0.52,0.47827,0.54361
39744.99762779525,0.485,0.51,0.45728499999999994,0.53859
37724.99261351513,0.595,0.61,0.505085,0.5441600000000001
37747.33489376423,0.56,0.54,0.483835,0.5468999999999999
39100.74461113094,0.58,0.57,0.46152499999999996,0.54071
37569.69416249644,0.595,0.53,0.4844300000000001,0.5425099999999999
38822.86824707028,0.57,0.54,0.46254500000000004,0.53673
37948.81813839698,0.53,0.53,0.48455999999999994,0.54269
37433.14156135991,0.615,0.55,0.502595,0.5426700000000001
38391.99996784907,0.55,0.58,0.48561,0.5461
39257.71272866941,0.555,0.57,0.47444500000000006,0.54471
37517.332521108605,0.555,0.56,0.487175,0.54402
40008.51270209311,0.53,0.57,0.476295,0.5434399999999999
38250.75990249774,0.525,0.52,0.46643,0.54219
37651.52055091533,0.585,0.6,0.49404500000000007,0.54288
40468.234644838805,0.585,0.53,0.45506500000000005,0.54257
38670.356269198914,0.55,0.53,0.48483499999999996,0.5415699999999999
40915.63916643373,0.55,0.5,0.46808500000000003,0.5410699999999999
38428.972776322524,0.61,0.55,0.49923,0.54262
42063.681306867285,0.51,0.52,0.456715,0.538
38676.3896281944,0.535,0.53,0.47229499999999996,0.5422
40696.733200725634,0.55,0.52,0.44989999999999997,0.53809
39631.423944347276,0.555,0.57,0.47455,0.53979
39537.45736887982,0.46,0.51,0.453115,0.5416500000000001
40202.4492808159,0.56,0.51,0.470645,0.5394100000000001
36966.072418943426,0.68,0.6,0.502935,0.5440699999999999
38361.09986267726,0.575,0.59,0.482475,0.54301
38756.039728028714,0.58,0.59,0.48551,0.54265
38019.40831465073,0.575,0.52,0.48171,0.54563
39375.66418637869,0.55,0.56,0.475025,0.5408800000000001
37920.96667212334,0.585,0.58,0.48723500000000003,0.54373
36293.65427059725,0.57,0.5,0.51202,0.54483
38209.13245168197,0.61,0.51,0.50881,0.54161
37418.35614888274,0.625,0.53,0.49642,0.54626
37257.02117764377,0.545,0.6,0.496755,0.5461900000000001
40501.14477168905,0.52,0.5,0.46926,0.5428999999999999
38006.49844794142,0.495,0.56,0.46454500000000004,0.54174
38368.82797782733,0.525,0.5,0.47658,0.53984
38495.88413406968,0.54,0.54,0.48290999999999995,0.54098
37961.85513596982,0.595,0.55,0.49507999999999996,0.54503
37828.7148024624,0.57,0.52,0.49594,0.5419
36333.98555323934,0.565,0.55,0.499855,0.5467000000000001
38576.78520481895,0.595,0.59,0.4846999999999999,0.5425599999999999
38707.757951819,0.56,0.53,0.49646,0.54009
38409.60451662515,0.555,0.53,0.47924500000000003,0.5435699999999999
41004.64183077715,0.59,0.55,0.46568999999999994,0.54049
37226.51244121771,0.54,0.56,0.485625,0.5425300000000001
40620.35995900811,0.545,0.57,0.46241000000000004,0.53554
40679.938353290054,0.515,0.59,0.45252,0.5413100000000001
39754.63338565352,0.55,0.56,0.46891000000000005,0.54496
38833.04618536404,0.545,0.54,0.46936,0.5439100000000001
40624.38665383753,0.53,0.5,0.45514499999999997,0.54098
40463.295238115636,0.54,0.54,0.48543,0.5424
37950.343044675246,0.55,0.52,0.480835,0.5438399999999999
38033.445406661995,0.57,0.58,0.49267500000000003,0.5415800000000001
38841.23604499445,0.54,0.6,0.478265,0.54901
39298.94425089176,0.575,0.5,0.500985,0.5409200000000001
37377.625494570544,0.6,0.58,0.49511,0.54055
37918.50217828821,0.575,0.52,0.47594,0.54349
37541.64871907262,0.595,0.52,0.49243000000000003,0.5387799999999999
36777.47435120671,0.565,0.58,0.491605,0.5441399999999998
38860.37450157918,0.54,0.54,0.49113999999999997,0.5441900000000001
38851.662411972866,0.55,0.5,0.46862,0.54589
40515.261778778746,0.565,0.57,0.461835,0.53837
40472.879974652344,0.515,0.58,0.44964499999999996,0.54117
40148.05959196812,0.5,0.52,0.45406,0.5407000000000001
38792.420663008255,0.565,0.52,0.474865,0.5445
38441.184199250056,0.56,0.53,0.480325,0.54495
38950.44944841433,0.575,0.56,0.47669000000000006,0.5401500000000001
40106.231993972906,0.52,0.57,0.457245,0.54138
38410.39258312838,0.555,0.58,0.488715,0.5424399999999999
39356.434301849586,0.595,0.52,0.48308999999999996,0.54553
40172.357528328066,0.58,0.55,0.472155,0.54333
37926.0089270739,0.565,0.57,0.494285,0.5420600000000001
39668.59587758024,0.575,0.59,0.45479,0.54186
40742.02486845119,0.54,0.52,0.47104,0.54102
40050.06682887034,0.515,0.52,0.44680500000000006,0.54226
38245.44899081532,0.59,0.57,0.50228,0.54464
40671.54033733361,0.525,0.58,0.45627999999999996,0.53909
39064.54100418599,0.515,0.59,0.47076,0.54449
37606.22253293688,0.59,0.53,0.49151999999999996,0.5435300000000001
39913.27811713468,0.585,0.51,0.48895,0.54171
37916.65819375741,0.595,0.58,0.49973500000000004,0.5441800000000001
39782.359983386224,0.6,0.57,0.48007,0.542
40278.501691553174,0.585,0.52,0.486505,0.5407799999999999
38682.3430599024,0.555,0.55,0.4739,0.54179
41994.64089840645,0.515,0.51,0.459855,0.53962
38116.54520178377,0.545,0.51,0.47869500000000004,0.54273
38005.648984398045,0.615,0.58,0.515755,0.54772
39826.0544788524,0.53,0.53,0.47283500000000006,0.53923
39285.645149173,0.51,0.57,0.469265,0.54511
37193.05945140413,0.61,0.61,0.505145,0.54368
39430.16684471427,0.535,0.52,0.476005,0.54103
38800.79949413951,0.565,0.51,0.48196500000000003,0.54495
38324.43164031996,0.565,0.57,0.48022000000000004,0.53984
39622.74714477193,0.54,0.55,0.47919,0.5401900000000001
38764.521752305816,0.55,0.5,0.488805,0.5408000000000001
38365.1910456101,0.56,0.57,0.490595,0.5446399999999999
38720.91759300102,0.565,0.62,0.47593,0.5408099999999999
37716.60282967367,0.585,0.5,0.484615,0.54447
40024.759857110555,0.595,0.53,0.484325,0.53879
38575.16494494571,0.555,0.56,0.472605,0.5378999999999999
40207.0979748866,0.52,0.52,0.455495,0.5418999999999999
38177.331488715616,0.545,0.5,0.48240500000000003,0.5433699999999999
38760.05446594224,0.545,0.51,0.4746,0.54274
39134.7744680246,0.565,0.55,0.47209,0.54162
39806.07658233585,0.54,0.57,0.48035500000000003,0.5438400000000001
38590.578473822374,0.525,0.59,0.485625,0.54155
38930.825832703835,0.57,0.57,0.494745,0.54098
38179.54894314415,0.565,0.55,0.47615999999999997,0.5416599999999999
36487.11356822838,0.595,0.51,0.508365,0.54677
39561.005809785536,0.54,0.55,0.46087,0.53871
39315.97839262389,0.575,0.51,0.461995,0.54123
37569.53190445654,0.555,0.54,0.493875,0.54166
39508.64679324081,0.59,0.61,0.478925,0.54275
36930.361637570575,0.58,0.5,0.49347499999999994,0.5467799999999999
38759.77381160904,0.57,0.6,0.49788499999999997,0.54202
38632.66395473185,0.575,0.51,0.48692,0.54199
36800.52876178261,0.595,0.5,0.502375,0.54653
36463.53670855894,0.63,0.6,0.5014550000000001,0.54616
40234.27742484036,0.545,0.51,0.47590999999999994,0.5387000000000001
37710.826655802666,0.565,0.54,0.47858000000000006,0.54347
38588.576286055424,0.615,0.52,0.48225999999999997,0.54269
39925.31464064343,0.57,0.58,0.45364499999999996,0.53975
38463.81650869506,0.57,0.59,0.48467499999999997,0.54436
38278.52362732293,0.555,0.58,0.48340500000000003,0.5415999999999999
36683.17143074985,0.535,0.57,0.488635,0.5436400000000001
40297.407535812126,0.55,0.52,0.46375,0.5410900000000001
37469.92869573464,0.575,0.53,0.510365,0.5462400000000001
39302.59750534243,0.565,0.53,0.47279999999999994,0.54034
39874.10779408022,0.57,0.57,0.469805,0.53971
38993.629177186645,0.55,0.54,0.45621500000000004,0.54051
37942.330195668284,0.59,0.6,0.47781,0.5448099999999999
38122.297209621305,0.575,0.59,0.48796500000000004,0.54119
39354.87142688963,0.535,0.54,0.47879,0.5459700000000001
39381.68845844078,0.57,0.58,0.477725,0.5395
37848.93095263712,0.53,0.52,0.496995,0.5425899999999999
38263.24564175634,0.57,0.51,0.49409499999999995,0.5410900000000002
39389.75180530254,0.56,0.66,0.48405,0.5432100000000001
39660.88704951191,0.59,0.53,0.489415,0.54823
39163.2956860945,0.58,0.52,0.5006,0.54289
39299.6697040134,0.57,0.55,0.47452999999999995,0.5395
41417.089928813766,0.52,0.51,0.460085,0.5413600000000001
40769.97739574864,0.52,0.61,0.456945,0.54106
37803.34341076471,0.6,0.54,0.5102949999999999,0.54438
41420.37553269547,0.5,0.51,0.44895999999999997,0.5381300000000001
38783.93368453286,0.58,0.51,0.480655,0.54047
37779.66988902247,0.55,0.51,0.483535,0.54299
38756.381157720156,0.595,0.51,0.49328000000000005,0.5436500000000001
39204.42543796942,0.52,0.51,0.481605,0.5395599999999999
39009.30174364415,0.585,0.55,0.484555,0.53987
37765.281834055,0.615,0.58,0.4921750000000001,0.55212
38210.43315757073,0.61,0.54,0.50448,0.54387
38310.24966281656,0.605,0.53,0.494455,0.5413700000000001
37804.49950543769,0.555,0.58,0.47283,0.5419100000000001
39039.20984110569,0.605,0.5,0.48530499999999993,0.5403700000000001
38242.94295812922,0.57,0.52,0.468325,0.54264
38051.44550712437,0.53,0.54,0.467175,0.54096
38720.651990275364,0.535,0.55,0.463235,0.54474
37562.85162060142,0.63,0.51,0.501375,0.5405599999999999
36676.82999167533,0.66,0.52,0.5059,0.5446299999999998
39054.84398447735,0.58,0.53,0.48828499999999997,0.54464
38573.29024693642,0.575,0.57,0.484505,0.5435
38102.99197925348,0.58,0.5,0.49412,0.5424800000000001
37650.25400440126,0.56,0.59,0.48470500000000005,0.54032
39256.88529293268,0.5,0.54,0.4691199999999999,0.54
39193.77860410746,0.6,0.54,0.48689,0.53791
38458.16612783054,0.635,0.52,0.49387499999999995,0.5427000000000001
36904.49055914557,0.62,0.61,0.52276,0.54471
38961.76403650752,0.555,0.55,0.47611999999999993,0.5396400000000001
38893.80616996394,0.6,0.5,0.49833,0.5398099999999999
36498.73474623583,0.595,0.59,0.5085850000000001,0.5432
36591.01104570574,0.61,0.53,0.509975,0.54376
38985.36008857726,0.54,0.51,0.47492,0.5423300000000001
40041.96227467538,0.57,0.5,0.47489,0.5408499999999999
37627.221676535155,0.61,0.6,0.49510000000000004,0.5461900000000001
40520.44900127473,0.54,0.58,0.46785000000000004,0.54074
37556.38230296297,0.56,0.56,0.49784,0.5443
37335.2056354636,0.555,0.59,0.487125,0.5456
39667.69547886813,0.575,0.5,0.495175,0.54427
41273.494232674566,0.545,0.58,0.479145,0.545
38363.02731202382,0.57,0.6,0.495315,0.54309
37919.86317492105,0.61,0.55,0.511945,0.54404
38203.92375703316,0.54,0.54,0.48679,0.54202
38890.26036812555,0.56,0.51,0.48651,0.54163
39403.41939439572,0.515,0.55,0.46452,0.5430799999999999
40629.722218630515,0.585,0.51,0.47777,0.54231
39951.563918979555,0.545,0.58,0.466955,0.5421
41067.95843365464,0.56,0.61,0.453075,0.54189
37448.39270900791,0.585,0.53,0.48919999999999997,0.5421800000000001
41254.779464117426,0.57,0.56,0.450315,0.54135
39113.616903828784,0.54,0.5,0.48513999999999996,0.5453600000000001
37710.65293012671,0.59,0.51,0.49384,0.54228
38697.69004684896,0.495,0.51,0.477175,0.5440799999999999
38173.57948965191,0.535,0.52,0.48845500000000003,0.5419700000000001
40940.70451184604,0.52,0.51,0.456885,0.54069
39448.233064741784,0.565,0.56,0.46424,0.54377
41416.48499131485,0.53,0.5,0.45269,0.53752
38692.577706284545,0.53,0.53,0.48064,0.54265
38710.14445480539,0.615,0.5,0.49351999999999996,0.5405
39458.761771947924,0.56,0.52,0.47667499999999996,0.53841
37550.33217099364,0.59,0.51,0.493565,0.5449499999999999
40453.17000690207,0.6,0.5,0.46702,0.54485
38950.719895162736,0.505,0.55,0.46275499999999997,0.53849
39365.86112816639,0.585,0.6,0.474485,0.54023
39128.98600277712,0.56,0.55,0.474385,0.54322
39807.099248501996,0.575,0.58,0.491385,0.54264
40454.98064449166,0.535,0.53,0.46375,0.54003
39964.45683343748,0.5,0.56,0.461765,0.5435099999999999
39932.583874880744,0.545,0.54,0.48748,0.5409700000000001
39301.96519597563,0.535,0.53,0.467375,0.54214
39297.054528182096,0.535,0.55,0.46680999999999995,0.54006
39801.88136857987,0.585,0.53,0.47174,0.5369499999999999
37810.8604405081,0.52,0.54,0.47752,0.5397799999999999
38657.99864256222,0.63,0.56,0.47615999999999997,0.54096
39579.54417399985,0.54,0.61,0.47014999999999996,0.54401
37227.340540667836,0.57,0.5,0.4884450000000001,0.54268
40269.32998181173,0.58,0.64,0.47574999999999995,0.54146
38078.30033208802,0.54,0.56,0.481775,0.54495
39770.50937158722,0.6,0.63,0.48689,0.54247
36770.47226769713,0.58,0.55,0.49918000000000007,0.54375
38420.84542581506,0.52,0.55,0.4753200000000001,0.54425
39227.22629041258,0.58,0.5,0.46653000000000006,0.54086
39070.50504929555,0.56,0.57,0.49023999999999995,0.54346
39201.09874475375,0.56,0.51,0.474385,0.53854
39092.03598187459,0.605,0.57,0.480545,0.54183
38010.030456948705,0.545,0.53,0.48256,0.54212
40126.25332606571,0.535,0.58,0.47078,0.54298
39168.76553270686,0.615,0.55,0.49508500000000005,0.53771
38108.96723033125,0.57,0.56,0.47304499999999994,0.54374
37311.930475743226,0.605,0.54,0.49206,0.54228
37683.31439822413,0.595,0.53,0.49648000000000003,0.54196
38612.12791408035,0.56,0.55,0.49277499999999996,0.54111
40901.95261423563,0.535,0.53,0.46336,0.5428499999999999
38936.2972338564,0.61,0.57,0.50368,0.54926
37129.91739648289,0.59,0.52,0.502155,0.5443399999999999
39101.544864184914,0.55,0.54,0.473425,0.54613
39325.71288504389,0.585,0.61,0.47142500000000004,0.54399
39386.54955149282,0.6,0.55,0.481665,0.54298
38204.15115962009,0.63,0.52,0.51715,0.5413100000000001
38606.92334150385,0.59,0.53,0.47718,0.54249
38088.160196164434,0.54,0.59,0.47999,0.54109
38101.730670274046,0.54,0.56,0.489815,0.53862
39349.92610468733,0.595,0.56,0.49622000000000005,0.5442
38724.591799341,0.58,0.53,0.47871,0.5422100000000001
38789.66321776893,0.625,0.52,0.48960000000000004,0.5414100000000001
36709.23611650546,0.575,0.56,0.5070800000000001,0.5435699999999999
39884.420775996536,0.57,0.51,0.47449,0.5394200000000001
38688.96577452311,0.56,0.5,0.476065,0.54039
42326.4133030397,0.52,0.52,0.44063,0.5370999999999999
38061.934357055434,0.58,0.52,0.4796,0.5430900000000001
39868.721865992804,0.575,0.55,0.48806499999999997,0.5441500000000001
38920.18855934613,0.57,0.66,0.463175,0.54051
38647.54771190342,0.56,0.5,0.478785,0.54262
39334.41232428466,0.6,0.5,0.473695,0.5422
38241.98471618766,0.575,0.51,0.497765,0.54499
38051.39786420201,0.515,0.6,0.47716,0.5426100000000001
38744.5064789226,0.51,0.54,0.47084499999999996,0.54163
40961.013092394,0.54,0.54,0.45598,0.5390000000000001
39389.509087160506,0.58,0.52,0.49704,0.5436
38200.91614241269,0.555,0.5,0.494525,0.54068
38413.17041242436,0.565,0.52,0.4647,0.5442100000000001
38237.831658653085,0.595,0.5,0.491365,0.54001
38970.43555663891,0.53,0.51,0.474135,0.5413300000000001
36970.14081118919,0.58,0.51,0.49803000000000003,0.5420799999999999
39474.67651029045,0.595,0.51,0.476175,0.54244
38213.07639318907,0.545,0.52,0.47795499999999996,0.5415500000000001
37137.893087514334,0.575,0.55,0.50224,0.5411
38638.80286859296,0.585,0.6,0.50066,0.54334
38856.30314007483,0.62,0.53,0.490225,0.5424800000000001
38731.761937123396,0.585,0.52,0.497545,0.5421800000000001
38690.70278171335,0.55,0.56,0.47493,0.5443399999999999
39564.85751716111,0.575,0.6,0.47437,0.54313
38939.87234523965,0.575,0.54,0.483035,0.5399400000000001
38177.23267054873,0.525,0.51,0.473185,0.5415800000000001
37535.005351214466,0.565,0.54,0.49077,0.5394100000000001
40613.015580039006,0.555,0.64,0.45275,0.53792
39287.19268785304,0.525,0.54,0.474985,0.54227
38527.232665234624,0.575,0.52,0.489565,0.54348
41762.27814647149,0.595,0.63,0.46946999999999994,0.54125
37480.65802579776,0.65,0.53,0.48628999999999994,0.5409100000000001
39003.094987858814,0.55,0.53,0.479765,0.53953
39753.70965650037,0.535,0.57,0.457115,0.54269
38943.2402585104,0.605,0.63,0.48041999999999996,0.5390799999999999
39000.57847914251,0.565,0.55,0.47551,0.5415099999999999
38427.37072245024,0.565,0.54,0.48633000000000004,0.5406500000000001
37522.090957613524,0.625,0.5,0.5002800000000001,0.53836
37192.74083514589,0.555,0.58,0.48206,0.54437
39458.15358429054,0.535,0.56,0.480625,0.54468
37842.463660444744,0.625,0.54,0.496425,0.54486
37567.074341925836,0.6,0.6,0.49512,0.54563
39327.62990289301,0.52,0.53,0.47141,0.54162
37554.77751280868,0.56,0.57,0.490035,0.53977
38551.11458520676,0.545,0.59,0.463365,0.54302
39840.469464241454,0.515,0.51,0.47727,0.54139
39037.87481847653,0.56,0.59,0.477935,0.5404200000000001
39110.219236885096,0.615,0.51,0.47822000000000003,0.53999
39870.53326022991,0.57,0.56,0.47492499999999993,0.54072
36183.90327325145,0.605,0.58,0.5120999999999999,0.5468399999999999
38023.27276074406,0.595,0.51,0.47920500000000005,0.54111
38274.97103705764,0.575,0.53,0.49456500000000003,0.54317
40747.64714263589,0.55,0.52,0.47685500000000003,0.5398999999999999
40483.10051104331,0.575,0.55,0.47372000000000003,0.54122
37830.84348288471,0.54,0.5,0.47603999999999996,0.54438
39953.38682607886,0.535,0.59,0.46570000000000006,0.53901
39385.69085324392,0.57,0.52,0.45214,0.5406700000000001
39436.67902173812,0.56,0.53,0.4677,0.53801
38281.7522710633,0.605,0.52,0.5042000000000001,0.5447799999999999
39092.109230851165,0.52,0.55,0.46348,0.5370499999999999
41159.23456426498,0.53,0.55,0.45448500000000003,0.54184
38008.392754452536,0.56,0.5,0.47020000000000006,0.54071
36333.327354418936,0.63,0.58,0.5164749999999999,0.54596
37973.81148733778,0.565,0.56,0.48515499999999995,0.54334
38811.978249549196,0.58,0.53,0.4849,0.54311
38465.81226839725,0.545,0.53,0.48053999999999997,0.5450799999999999
39215.18172684046,0.565,0.5,0.476795,0.54125
38489.05136006102,0.515,0.56,0.482555,0.54319
37558.27012736666,0.555,0.55,0.48469,0.5431500000000001
36396.87681968912,0.555,0.62,0.49483,0.54727
37832.0270067725,0.58,0.58,0.497915,0.5408499999999999
36334.04738724674,0.56,0.56,0.50649,0.5442199999999999
40313.68130370999,0.54,0.53,0.47044,0.54164
38817.251215855766,0.575,0.5,0.48439499999999996,0.54053
39077.69761400494,0.525,0.53,0.4505,0.53955
37858.74763273005,0.575,0.52,0.5006,0.54405
40944.22860773788,0.57,0.5,0.457375,0.54231
38419.54517285971,0.55,0.58,0.47846,0.54272
38315.10455460558,0.53,0.53,0.480045,0.5398
38679.287996035215,0.595,0.56,0.492255,0.5432899999999999
37178.0689035897,0.63,0.5,0.509765,0.5462899999999999
38298.86882428344,0.59,0.57,0.483325,0.54226
38440.015816169034,0.56,0.56,0.47843499999999994,0.53713
39417.10740631033,0.545,0.55,0.467105,0.54538
39192.47568193017,0.53,0.5,0.47511000000000003,0.5427000000000001
38642.60253983862,0.61,0.54,0.47501499999999997,0.54003
39274.922603037856,0.53,0.53,0.46764999999999995,0.54344
40193.178517840905,0.535,0.53,0.456965,0.5398399999999999
40411.61062802465,0.525,0.63,0.46594,0.5376700000000001
41089.981917186524,0.53,0.51,0.45608,0.5389400000000001
38884.910277351526,0.585,0.57,0.467925,0.53772
38068.817926969,0.595,0.53,0.48155000000000003,0.54273
38004.588085571915,0.58,0.52,0.48113,0.5432
36916.93594780714,0.58,0.53,0.50098,0.5452100000000001
37084.709396698665,0.585,0.51,0.487025,0.54518
37933.20521570477,0.575,0.51,0.485505,0.54446
39430.768174657336,0.57,0.55,0.476715,0.53927
38893.81419318168,0.56,0.54,0.481075,0.5438900000000001
39202.70761086854,0.56,0.55,0.475925,0.54141
37071.66158722134,0.59,0.5,0.5048100000000001,0.5473399999999999
